site	CL	Q	A
화성	CL4	Q1	현재 만족하고 있고, 이동할 계획도 없다.
화성	CL2	Q1	회사 내 평균 수준이라고 생각한다.
온양	CL4	Q1	현재 만족하고 있고, 이동할 계획도 없다.
화성	CL4	Q1	회사 내 평균 수준이라고 생각한다.
화성	CL4	Q1	현재 만족하고 있고, 이동할 계획도 없다.
화성	CL2	Q1	회사 내 평균 수준이라고 생각한다.
온양	CL2	Q1	회사 내 평균 수준이라고 생각한다.
화성	CL3	Q1	부서 이동 계획은 없지만, 큰 매력을 느끼지 못하고 있다.
온양	CL2	Q1	부서 이동 계획은 없지만, 큰 매력을 느끼지 못하고 있다.
화성	CL4	Q1	현재 만족하고 있고, 이동할 계획도 없다.
화성	CL2	Q1	부서 이동 계획은 없지만, 큰 매력을 느끼지 못하고 있다.
화성	CL2	Q1	회사 내 평균 수준이라고 생각한다.
온양	CL3	Q1	회사 내 평균 수준이라고 생각한다.
화성	CL2	Q1	잡포스팅, 이직 등 구체적인 부서 이동 계획이 있다.
화성	CL3	Q1	부서 이동 계획은 없지만, 큰 매력을 느끼지 못하고 있다.
화성	CL2	Q1	부서 이동 계획은 없지만, 큰 매력을 느끼지 못하고 있다.
화성	CL2	Q1	부서 이동 계획은 없지만, 큰 매력을 느끼지 못하고 있다.
화성	CL4	Q1	부서 이동 계획은 없지만, 큰 매력을 느끼지 못하고 있다.
화성	CL4	Q1	현재 만족하고 있고, 이동할 계획도 없다.
화성	CL4	Q1	회사 내 평균 수준이라고 생각한다.
화성	CL2	Q1	회사 내 평균 수준이라고 생각한다.
화성	CL3	Q1	회사 내 평균 수준이라고 생각한다.
온양	CL3	Q1	회사 내 평균 수준이라고 생각한다.
화성	CL3	Q1	부서 이동 계획은 없지만, 큰 매력을 느끼지 못하고 있다.
화성	CL2	Q1	회사 내 평균 수준이라고 생각한다.
온양	CL3	Q1	회사 내 평균 수준이라고 생각한다.
화성	CL4	Q1	부서 이동 계획은 없지만, 큰 매력을 느끼지 못하고 있다.
화성	CL4	Q1	회사 내 평균 수준이라고 생각한다.
화성	CL2	Q1	현재 만족하고 있고, 이동할 계획도 없다.
화성	CL4	Q1	매우 만족하고 있고, 타 부서 사람들에게도 자기 부서를 추천할 의향이 있다.
화성	CL2	Q1	부서 이동 계획은 없지만, 큰 매력을 느끼지 못하고 있다.
온양	CL3	Q1	회사 내 평균 수준이라고 생각한다.
온양	CL2	Q1	회사 내 평균 수준이라고 생각한다.
온양	CL4	Q1	매우 만족하고 있고, 타 부서 사람들에게도 자기 부서를 추천할 의향이 있다.
화성	CL2	Q1	부서 이동 계획은 없지만, 큰 매력을 느끼지 못하고 있다.
화성	CL3	Q1	부서 이동 계획은 없지만, 큰 매력을 느끼지 못하고 있다.
온양	CL4	Q1	부서 이동 계획은 없지만, 큰 매력을 느끼지 못하고 있다.
화성	CL3	Q1	현재 만족하고 있고, 이동할 계획도 없다.
온양	CL2	Q1	현재 만족하고 있고, 이동할 계획도 없다.
화성	CL4	Q1	현재 만족하고 있고, 이동할 계획도 없다.
화성	CL4	Q1	현재 만족하고 있고, 이동할 계획도 없다.
화성	CL3	Q1	부서 이동 계획은 없지만, 큰 매력을 느끼지 못하고 있다.
화성	CL2	Q1	회사 내 평균 수준이라고 생각한다.
화성	CL3	Q1	부서 이동 계획은 없지만, 큰 매력을 느끼지 못하고 있다.
화성	CL2	Q1	부서 이동 계획은 없지만, 큰 매력을 느끼지 못하고 있다.
화성	CL3	Q1	부서 이동 계획은 없지만, 큰 매력을 느끼지 못하고 있다.
온양	CL2	Q1	회사 내 평균 수준이라고 생각한다.
온양	CL3	Q1	부서 이동 계획은 없지만, 큰 매력을 느끼지 못하고 있다.
화성	CL2	Q1	회사 내 평균 수준이라고 생각한다.
화성	CL2	Q1	잡포스팅, 이직 등 구체적인 부서 이동 계획이 있다.
화성	CL4	Q1	현재 만족하고 있고, 이동할 계획도 없다.
화성	CL2	Q1	부서 이동 계획은 없지만, 큰 매력을 느끼지 못하고 있다.
온양	CL2	Q1	부서 이동 계획은 없지만, 큰 매력을 느끼지 못하고 있다.
온양	CL2	Q1	부서 이동 계획은 없지만, 큰 매력을 느끼지 못하고 있다.
온양	CL3	Q1	회사 내 평균 수준이라고 생각한다.
온양	CL2	Q1	부서 이동 계획은 없지만, 큰 매력을 느끼지 못하고 있다.
화성	CL2	Q1	부서 이동 계획은 없지만, 큰 매력을 느끼지 못하고 있다.
온양	CL2	Q1	부서 이동 계획은 없지만, 큰 매력을 느끼지 못하고 있다.
화성	CL2	Q1	부서 이동 계획은 없지만, 큰 매력을 느끼지 못하고 있다.
온양	CL4	Q1	부서 이동 계획은 없지만, 큰 매력을 느끼지 못하고 있다.
화성	CL4	Q1	부서 이동 계획은 없지만, 큰 매력을 느끼지 못하고 있다.
화성	CL2	Q1	잡포스팅, 이직 등 구체적인 부서 이동 계획이 있다.
온양	CL3	Q1	부서 이동 계획은 없지만, 큰 매력을 느끼지 못하고 있다.
온양	CL3	Q1	부서 이동 계획은 없지만, 큰 매력을 느끼지 못하고 있다.
화성	CL2	Q1	잡포스팅, 이직 등 구체적인 부서 이동 계획이 있다.
온양	CL4	Q1	부서 이동 계획은 없지만, 큰 매력을 느끼지 못하고 있다.
화성	CL2	Q1	부서 이동 계획은 없지만, 큰 매력을 느끼지 못하고 있다.
온양	CL4	Q1	회사 내 평균 수준이라고 생각한다.
화성	CL2	Q1	부서 이동 계획은 없지만, 큰 매력을 느끼지 못하고 있다.
화성	CL4	Q1	회사 내 평균 수준이라고 생각한다.
화성	CL2	Q1	매우 만족하고 있고, 타 부서 사람들에게도 자기 부서를 추천할 의향이 있다.
온양	CL4	Q1	회사 내 평균 수준이라고 생각한다.
화성	CL3	Q1	현재 만족하고 있고, 이동할 계획도 없다.
온양	CL2	Q1	부서 이동 계획은 없지만, 큰 매력을 느끼지 못하고 있다.
화성	CL2	Q1	회사 내 평균 수준이라고 생각한다.
화성	CL2	Q1	잡포스팅, 이직 등 구체적인 부서 이동 계획이 있다.
온양	CL2	Q1	잡포스팅, 이직 등 구체적인 부서 이동 계획이 있다.
화성	CL4	Q1	회사 내 평균 수준이라고 생각한다.
화성	CL2	Q1	부서 이동 계획은 없지만, 큰 매력을 느끼지 못하고 있다.
화성	CL4	Q1	현재 만족하고 있고, 이동할 계획도 없다.
화성	CL4	Q1	회사 내 평균 수준이라고 생각한다.
화성	CL2	Q1	회사 내 평균 수준이라고 생각한다.
온양	CL2	Q1	부서 이동 계획은 없지만, 큰 매력을 느끼지 못하고 있다.
화성	CL2	Q1	부서 이동 계획은 없지만, 큰 매력을 느끼지 못하고 있다.
온양	CL2	Q1	잡포스팅, 이직 등 구체적인 부서 이동 계획이 있다.
화성	CL2	Q1	매우 만족하고 있고, 타 부서 사람들에게도 자기 부서를 추천할 의향이 있다.
화성	CL4	Q1	부서 이동 계획은 없지만, 큰 매력을 느끼지 못하고 있다.
온양	CL2	Q1	잡포스팅, 이직 등 구체적인 부서 이동 계획이 있다.
화성	CL2	Q1	회사 내 평균 수준이라고 생각한다.
화성	CL4	Q1	부서 이동 계획은 없지만, 큰 매력을 느끼지 못하고 있다.
온양	CL2	Q1	부서 이동 계획은 없지만, 큰 매력을 느끼지 못하고 있다.
화성	CL2	Q1	부서 이동 계획은 없지만, 큰 매력을 느끼지 못하고 있다.
화성	CL3	Q1	회사 내 평균 수준이라고 생각한다.
화성	CL2	Q1	현재 만족하고 있고, 이동할 계획도 없다.
화성	CL3	Q1	부서 이동 계획은 없지만, 큰 매력을 느끼지 못하고 있다.
온양	CL2	Q1	잡포스팅, 이직 등 구체적인 부서 이동 계획이 있다.
온양	CL2	Q1	부서 이동 계획은 없지만, 큰 매력을 느끼지 못하고 있다.
화성	CL2	Q1	회사 내 평균 수준이라고 생각한다.
온양	CL3	Q1	부서 이동 계획은 없지만, 큰 매력을 느끼지 못하고 있다.
온양	CL2	Q1	회사 내 평균 수준이라고 생각한다.
화성	CL4	Q1	회사 내 평균 수준이라고 생각한다.
온양	CL3	Q1	잡포스팅, 이직 등 구체적인 부서 이동 계획이 있다.
온양	CL2	Q1	부서 이동 계획은 없지만, 큰 매력을 느끼지 못하고 있다.
화성	CL2	Q1	잡포스팅, 이직 등 구체적인 부서 이동 계획이 있다.
온양	CL2	Q1	현재 만족하고 있고, 이동할 계획도 없다.
화성	CL2	Q1	부서 이동 계획은 없지만, 큰 매력을 느끼지 못하고 있다.
화성	CL2	Q1	부서 이동 계획은 없지만, 큰 매력을 느끼지 못하고 있다.
화성	CL2	Q1	부서 이동 계획은 없지만, 큰 매력을 느끼지 못하고 있다.
온양	CL2	Q1	잡포스팅, 이직 등 구체적인 부서 이동 계획이 있다.
화성	CL2	Q1	현재 만족하고 있고, 이동할 계획도 없다.
화성	CL2	Q1	현재 만족하고 있고, 이동할 계획도 없다.
화성	CL2	Q1	잡포스팅, 이직 등 구체적인 부서 이동 계획이 있다.
화성	CL4	Q2.	팀의 위상 : 잦은 타 부서 대응으로 인한 스트레스, 권한은 부족하고 책임은 많은 을의 입장 등.
화성	CL4	Q2.	팀의 위상 : 잦은 타 부서 대응으로 인한 스트레스, 권한은 부족하고 책임은 많은 을의 입장 등.
화성	CL2	Q2.	팀의 위상 : 잦은 타 부서 대응으로 인한 스트레스, 권한은 부족하고 책임은 많은 을의 입장 등.
화성	CL3	Q2.	팀의 위상 : 잦은 타 부서 대응으로 인한 스트레스, 권한은 부족하고 책임은 많은 을의 입장 등.
화성	CL4	Q2.	팀의 위상 : 잦은 타 부서 대응으로 인한 스트레스, 권한은 부족하고 책임은 많은 을의 입장 등.
화성	CL2	Q2.	팀의 위상 : 잦은 타 부서 대응으로 인한 스트레스, 권한은 부족하고 책임은 많은 을의 입장 등.
화성	CL2	Q2.	팀의 위상 : 잦은 타 부서 대응으로 인한 스트레스, 권한은 부족하고 책임은 많은 을의 입장 등.
온양	CL3	Q2.	팀의 위상 : 잦은 타 부서 대응으로 인한 스트레스, 권한은 부족하고 책임은 많은 을의 입장 등.
화성	CL2	Q2.	팀의 위상 : 잦은 타 부서 대응으로 인한 스트레스, 권한은 부족하고 책임은 많은 을의 입장 등.
화성	CL4	Q2.	팀의 위상 : 잦은 타 부서 대응으로 인한 스트레스, 권한은 부족하고 책임은 많은 을의 입장 등.
화성	CL2	Q2.	팀의 위상 : 잦은 타 부서 대응으로 인한 스트레스, 권한은 부족하고 책임은 많은 을의 입장 등.
온양	CL3	Q2.	팀의 위상 : 잦은 타 부서 대응으로 인한 스트레스, 권한은 부족하고 책임은 많은 을의 입장 등.
화성	CL3	Q2.	팀의 위상 : 잦은 타 부서 대응으로 인한 스트레스, 권한은 부족하고 책임은 많은 을의 입장 등.
화성	CL2	Q2.	팀의 위상 : 잦은 타 부서 대응으로 인한 스트레스, 권한은 부족하고 책임은 많은 을의 입장 등.
화성	CL4	Q2.	팀의 위상 : 잦은 타 부서 대응으로 인한 스트레스, 권한은 부족하고 책임은 많은 을의 입장 등.
화성	CL2	Q2.	팀의 위상 : 잦은 타 부서 대응으로 인한 스트레스, 권한은 부족하고 책임은 많은 을의 입장 등.
화성	CL4	Q2.	팀의 위상 : 잦은 타 부서 대응으로 인한 스트레스, 권한은 부족하고 책임은 많은 을의 입장 등.
화성	CL2	Q2.	팀의 위상 : 잦은 타 부서 대응으로 인한 스트레스, 권한은 부족하고 책임은 많은 을의 입장 등.
온양	CL3	Q2.	팀의 위상 : 잦은 타 부서 대응으로 인한 스트레스, 권한은 부족하고 책임은 많은 을의 입장 등.
화성	CL3	Q2.	팀의 위상 : 잦은 타 부서 대응으로 인한 스트레스, 권한은 부족하고 책임은 많은 을의 입장 등.
화성	CL4	Q2.	팀의 위상 : 잦은 타 부서 대응으로 인한 스트레스, 권한은 부족하고 책임은 많은 을의 입장 등.
화성	CL2	Q2.	팀의 위상 : 잦은 타 부서 대응으로 인한 스트레스, 권한은 부족하고 책임은 많은 을의 입장 등.
화성	CL3	Q2.	팀의 위상 : 잦은 타 부서 대응으로 인한 스트레스, 권한은 부족하고 책임은 많은 을의 입장 등.
화성	CL2	Q2.	팀의 위상 : 잦은 타 부서 대응으로 인한 스트레스, 권한은 부족하고 책임은 많은 을의 입장 등.
화성	CL4	Q2.	팀의 위상 : 잦은 타 부서 대응으로 인한 스트레스, 권한은 부족하고 책임은 많은 을의 입장 등.
온양	CL2	Q2.	팀의 위상 : 잦은 타 부서 대응으로 인한 스트레스, 권한은 부족하고 책임은 많은 을의 입장 등.
온양	CL3	Q2.	팀의 위상 : 잦은 타 부서 대응으로 인한 스트레스, 권한은 부족하고 책임은 많은 을의 입장 등.
온양	CL2	Q2.	팀의 위상 : 잦은 타 부서 대응으로 인한 스트레스, 권한은 부족하고 책임은 많은 을의 입장 등.
화성	CL2	Q2.	팀의 위상 : 잦은 타 부서 대응으로 인한 스트레스, 권한은 부족하고 책임은 많은 을의 입장 등.
온양	CL2	Q2.	팀의 위상 : 잦은 타 부서 대응으로 인한 스트레스, 권한은 부족하고 책임은 많은 을의 입장 등.
온양	CL4	Q2.	팀의 위상 : 잦은 타 부서 대응으로 인한 스트레스, 권한은 부족하고 책임은 많은 을의 입장 등.
온양	CL3	Q2.	팀의 위상 : 잦은 타 부서 대응으로 인한 스트레스, 권한은 부족하고 책임은 많은 을의 입장 등.
온양	CL4	Q2.	팀의 위상 : 잦은 타 부서 대응으로 인한 스트레스, 권한은 부족하고 책임은 많은 을의 입장 등.
화성	CL2	Q2.	팀의 위상 : 잦은 타 부서 대응으로 인한 스트레스, 권한은 부족하고 책임은 많은 을의 입장 등.
온양	CL4	Q2.	팀의 위상 : 잦은 타 부서 대응으로 인한 스트레스, 권한은 부족하고 책임은 많은 을의 입장 등.
화성	CL3	Q2.	팀의 위상 : 잦은 타 부서 대응으로 인한 스트레스, 권한은 부족하고 책임은 많은 을의 입장 등.
화성	CL2	Q2.	팀의 위상 : 잦은 타 부서 대응으로 인한 스트레스, 권한은 부족하고 책임은 많은 을의 입장 등.
화성	CL4	Q2.	팀의 위상 : 잦은 타 부서 대응으로 인한 스트레스, 권한은 부족하고 책임은 많은 을의 입장 등.
화성	CL4	Q2.	팀의 위상 : 잦은 타 부서 대응으로 인한 스트레스, 권한은 부족하고 책임은 많은 을의 입장 등.
화성	CL4	Q2.	팀의 위상 : 잦은 타 부서 대응으로 인한 스트레스, 권한은 부족하고 책임은 많은 을의 입장 등.
화성	CL2	Q2.	팀의 위상 : 잦은 타 부서 대응으로 인한 스트레스, 권한은 부족하고 책임은 많은 을의 입장 등.
화성	CL4	Q2.	팀의 위상 : 잦은 타 부서 대응으로 인한 스트레스, 권한은 부족하고 책임은 많은 을의 입장 등.
화성	CL4	Q2.	팀의 위상 : 잦은 타 부서 대응으로 인한 스트레스, 권한은 부족하고 책임은 많은 을의 입장 등.
온양	CL2	Q2.	팀의 위상 : 잦은 타 부서 대응으로 인한 스트레스, 권한은 부족하고 책임은 많은 을의 입장 등.
온양	CL3	Q2.	팀의 위상 : 잦은 타 부서 대응으로 인한 스트레스, 권한은 부족하고 책임은 많은 을의 입장 등.
온양	CL3	Q2.	팀의 위상 : 잦은 타 부서 대응으로 인한 스트레스, 권한은 부족하고 책임은 많은 을의 입장 등.
온양	CL2	Q2.	팀의 위상 : 잦은 타 부서 대응으로 인한 스트레스, 권한은 부족하고 책임은 많은 을의 입장 등.
온양	CL2	Q2.	팀의 위상 : 잦은 타 부서 대응으로 인한 스트레스, 권한은 부족하고 책임은 많은 을의 입장 등.
화성	CL2	Q2.	팀의 위상 : 잦은 타 부서 대응으로 인한 스트레스, 권한은 부족하고 책임은 많은 을의 입장 등.
화성	CL2	Q2.	부족한 보상 : 양산 업무는 업무량에 비해 인정을 받지 못한다, 본인 성과에 대한 적절한 보상을 받고 있지 않다고 느낌 등
온양	CL4	Q2.	부족한 보상 : 양산 업무는 업무량에 비해 인정을 받지 못한다, 본인 성과에 대한 적절한 보상을 받고 있지 않다고 느낌 등
화성	CL4	Q2.	부족한 보상 : 양산 업무는 업무량에 비해 인정을 받지 못한다, 본인 성과에 대한 적절한 보상을 받고 있지 않다고 느낌 등
온양	CL2	Q2.	부족한 보상 : 양산 업무는 업무량에 비해 인정을 받지 못한다, 본인 성과에 대한 적절한 보상을 받고 있지 않다고 느낌 등
화성	CL4	Q2.	부족한 보상 : 양산 업무는 업무량에 비해 인정을 받지 못한다, 본인 성과에 대한 적절한 보상을 받고 있지 않다고 느낌 등
화성	CL4	Q2.	부족한 보상 : 양산 업무는 업무량에 비해 인정을 받지 못한다, 본인 성과에 대한 적절한 보상을 받고 있지 않다고 느낌 등
화성	CL3	Q2.	부족한 보상 : 양산 업무는 업무량에 비해 인정을 받지 못한다, 본인 성과에 대한 적절한 보상을 받고 있지 않다고 느낌 등
화성	CL2	Q2.	부족한 보상 : 양산 업무는 업무량에 비해 인정을 받지 못한다, 본인 성과에 대한 적절한 보상을 받고 있지 않다고 느낌 등
화성	CL4	Q2.	부족한 보상 : 양산 업무는 업무량에 비해 인정을 받지 못한다, 본인 성과에 대한 적절한 보상을 받고 있지 않다고 느낌 등
온양	CL2	Q2.	부족한 보상 : 양산 업무는 업무량에 비해 인정을 받지 못한다, 본인 성과에 대한 적절한 보상을 받고 있지 않다고 느낌 등
온양	CL4	Q2.	부족한 보상 : 양산 업무는 업무량에 비해 인정을 받지 못한다, 본인 성과에 대한 적절한 보상을 받고 있지 않다고 느낌 등
화성	CL3	Q2.	부족한 보상 : 양산 업무는 업무량에 비해 인정을 받지 못한다, 본인 성과에 대한 적절한 보상을 받고 있지 않다고 느낌 등
온양	CL2	Q2.	부족한 보상 : 양산 업무는 업무량에 비해 인정을 받지 못한다, 본인 성과에 대한 적절한 보상을 받고 있지 않다고 느낌 등
화성	CL3	Q2.	부족한 보상 : 양산 업무는 업무량에 비해 인정을 받지 못한다, 본인 성과에 대한 적절한 보상을 받고 있지 않다고 느낌 등
화성	CL2	Q2.	부족한 보상 : 양산 업무는 업무량에 비해 인정을 받지 못한다, 본인 성과에 대한 적절한 보상을 받고 있지 않다고 느낌 등
화성	CL2	Q2.	부족한 보상 : 양산 업무는 업무량에 비해 인정을 받지 못한다, 본인 성과에 대한 적절한 보상을 받고 있지 않다고 느낌 등
화성	CL2	Q2.	부족한 보상 : 양산 업무는 업무량에 비해 인정을 받지 못한다, 본인 성과에 대한 적절한 보상을 받고 있지 않다고 느낌 등
온양	CL2	Q2.	부족한 보상 : 양산 업무는 업무량에 비해 인정을 받지 못한다, 본인 성과에 대한 적절한 보상을 받고 있지 않다고 느낌 등
화성	CL2	Q2.	부족한 보상 : 양산 업무는 업무량에 비해 인정을 받지 못한다, 본인 성과에 대한 적절한 보상을 받고 있지 않다고 느낌 등
온양	CL4	Q2.	부족한 보상 : 양산 업무는 업무량에 비해 인정을 받지 못한다, 본인 성과에 대한 적절한 보상을 받고 있지 않다고 느낌 등
화성	CL4	Q2.	부족한 보상 : 양산 업무는 업무량에 비해 인정을 받지 못한다, 본인 성과에 대한 적절한 보상을 받고 있지 않다고 느낌 등
화성	CL2	Q2.	부족한 보상 : 양산 업무는 업무량에 비해 인정을 받지 못한다, 본인 성과에 대한 적절한 보상을 받고 있지 않다고 느낌 등
온양	CL3	Q2.	부족한 보상 : 양산 업무는 업무량에 비해 인정을 받지 못한다, 본인 성과에 대한 적절한 보상을 받고 있지 않다고 느낌 등
온양	CL3	Q2.	부족한 보상 : 양산 업무는 업무량에 비해 인정을 받지 못한다, 본인 성과에 대한 적절한 보상을 받고 있지 않다고 느낌 등
화성	CL2	Q2.	부족한 보상 : 양산 업무는 업무량에 비해 인정을 받지 못한다, 본인 성과에 대한 적절한 보상을 받고 있지 않다고 느낌 등
온양	CL4	Q2.	부족한 보상 : 양산 업무는 업무량에 비해 인정을 받지 못한다, 본인 성과에 대한 적절한 보상을 받고 있지 않다고 느낌 등
화성	CL2	Q2.	부족한 보상 : 양산 업무는 업무량에 비해 인정을 받지 못한다, 본인 성과에 대한 적절한 보상을 받고 있지 않다고 느낌 등
온양	CL4	Q2.	부족한 보상 : 양산 업무는 업무량에 비해 인정을 받지 못한다, 본인 성과에 대한 적절한 보상을 받고 있지 않다고 느낌 등
화성	CL2	Q2.	부족한 보상 : 양산 업무는 업무량에 비해 인정을 받지 못한다, 본인 성과에 대한 적절한 보상을 받고 있지 않다고 느낌 등
온양	CL4	Q2.	부족한 보상 : 양산 업무는 업무량에 비해 인정을 받지 못한다, 본인 성과에 대한 적절한 보상을 받고 있지 않다고 느낌 등
온양	CL2	Q2.	부족한 보상 : 양산 업무는 업무량에 비해 인정을 받지 못한다, 본인 성과에 대한 적절한 보상을 받고 있지 않다고 느낌 등
화성	CL2	Q2.	부족한 보상 : 양산 업무는 업무량에 비해 인정을 받지 못한다, 본인 성과에 대한 적절한 보상을 받고 있지 않다고 느낌 등
온양	CL2	Q2.	부족한 보상 : 양산 업무는 업무량에 비해 인정을 받지 못한다, 본인 성과에 대한 적절한 보상을 받고 있지 않다고 느낌 등
화성	CL4	Q2.	부족한 보상 : 양산 업무는 업무량에 비해 인정을 받지 못한다, 본인 성과에 대한 적절한 보상을 받고 있지 않다고 느낌 등
온양	CL2	Q2.	부족한 보상 : 양산 업무는 업무량에 비해 인정을 받지 못한다, 본인 성과에 대한 적절한 보상을 받고 있지 않다고 느낌 등
화성	CL4	Q2.	부족한 보상 : 양산 업무는 업무량에 비해 인정을 받지 못한다, 본인 성과에 대한 적절한 보상을 받고 있지 않다고 느낌 등
온양	CL2	Q2.	부족한 보상 : 양산 업무는 업무량에 비해 인정을 받지 못한다, 본인 성과에 대한 적절한 보상을 받고 있지 않다고 느낌 등
화성	CL2	Q2.	부족한 보상 : 양산 업무는 업무량에 비해 인정을 받지 못한다, 본인 성과에 대한 적절한 보상을 받고 있지 않다고 느낌 등
온양	CL2	Q2.	부족한 보상 : 양산 업무는 업무량에 비해 인정을 받지 못한다, 본인 성과에 대한 적절한 보상을 받고 있지 않다고 느낌 등
화성	CL2	Q2.	부족한 보상 : 양산 업무는 업무량에 비해 인정을 받지 못한다, 본인 성과에 대한 적절한 보상을 받고 있지 않다고 느낌 등
화성	CL2	Q2.	부족한 보상 : 양산 업무는 업무량에 비해 인정을 받지 못한다, 본인 성과에 대한 적절한 보상을 받고 있지 않다고 느낌 등
화성	CL2	Q2.	조직문화 : 업무량보다 업무시간으로 평가받는 문화, 야근 눈치 보는 문화, 부족한 워라밸 등.
화성	CL4	Q2.	조직문화 : 업무량보다 업무시간으로 평가받는 문화, 야근 눈치 보는 문화, 부족한 워라밸 등.
온양	CL2	Q2.	조직문화 : 업무량보다 업무시간으로 평가받는 문화, 야근 눈치 보는 문화, 부족한 워라밸 등.
화성	CL2	Q2.	조직문화 : 업무량보다 업무시간으로 평가받는 문화, 야근 눈치 보는 문화, 부족한 워라밸 등.
온양	CL3	Q2.	조직문화 : 업무량보다 업무시간으로 평가받는 문화, 야근 눈치 보는 문화, 부족한 워라밸 등.
화성	CL2	Q2.	조직문화 : 업무량보다 업무시간으로 평가받는 문화, 야근 눈치 보는 문화, 부족한 워라밸 등.
화성	CL2	Q2.	조직문화 : 업무량보다 업무시간으로 평가받는 문화, 야근 눈치 보는 문화, 부족한 워라밸 등.
온양	CL3	Q2.	조직문화 : 업무량보다 업무시간으로 평가받는 문화, 야근 눈치 보는 문화, 부족한 워라밸 등.
화성	CL2	Q2.	조직문화 : 업무량보다 업무시간으로 평가받는 문화, 야근 눈치 보는 문화, 부족한 워라밸 등.
화성	CL3	Q2.	조직문화 : 업무량보다 업무시간으로 평가받는 문화, 야근 눈치 보는 문화, 부족한 워라밸 등.
온양	CL2	Q2.	조직문화 : 업무량보다 업무시간으로 평가받는 문화, 야근 눈치 보는 문화, 부족한 워라밸 등.
화성	CL3	Q2.	조직문화 : 업무량보다 업무시간으로 평가받는 문화, 야근 눈치 보는 문화, 부족한 워라밸 등.
화성	CL3	Q2.	조직문화 : 업무량보다 업무시간으로 평가받는 문화, 야근 눈치 보는 문화, 부족한 워라밸 등.
화성	CL2	Q2.	조직문화 : 업무량보다 업무시간으로 평가받는 문화, 야근 눈치 보는 문화, 부족한 워라밸 등.
온양	CL3	Q2.	조직문화 : 업무량보다 업무시간으로 평가받는 문화, 야근 눈치 보는 문화, 부족한 워라밸 등.
화성	CL2	Q2.	조직문화 : 업무량보다 업무시간으로 평가받는 문화, 야근 눈치 보는 문화, 부족한 워라밸 등.
화성	CL2	Q2.	조직문화 : 업무량보다 업무시간으로 평가받는 문화, 야근 눈치 보는 문화, 부족한 워라밸 등.
온양	CL2	Q2.	조직문화 : 업무량보다 업무시간으로 평가받는 문화, 야근 눈치 보는 문화, 부족한 워라밸 등.
화성	CL2	Q2.	조직문화 : 업무량보다 업무시간으로 평가받는 문화, 야근 눈치 보는 문화, 부족한 워라밸 등.
온양	CL2	Q2.	조직문화 : 업무량보다 업무시간으로 평가받는 문화, 야근 눈치 보는 문화, 부족한 워라밸 등.
화성	CL4	Q2.	조직문화 : 업무량보다 업무시간으로 평가받는 문화, 야근 눈치 보는 문화, 부족한 워라밸 등.
화성	CL2	Q2.	조직문화 : 업무량보다 업무시간으로 평가받는 문화, 야근 눈치 보는 문화, 부족한 워라밸 등.
온양	CL2	Q2.	조직문화 : 업무량보다 업무시간으로 평가받는 문화, 야근 눈치 보는 문화, 부족한 워라밸 등.
화성	CL2	Q2.	조직문화 : 업무량보다 업무시간으로 평가받는 문화, 야근 눈치 보는 문화, 부족한 워라밸 등.
화성	CL2	Q2.	조직문화 : 업무량보다 업무시간으로 평가받는 문화, 야근 눈치 보는 문화, 부족한 워라밸 등.
화성	CL2	Q2.	조직문화 : 업무량보다 업무시간으로 평가받는 문화, 야근 눈치 보는 문화, 부족한 워라밸 등.
화성	CL4	Q2.	조직문화 : 업무량보다 업무시간으로 평가받는 문화, 야근 눈치 보는 문화, 부족한 워라밸 등.
화성	CL2	Q2.	조직문화 : 업무량보다 업무시간으로 평가받는 문화, 야근 눈치 보는 문화, 부족한 워라밸 등.
화성	CL2	Q2.	조직문화 : 업무량보다 업무시간으로 평가받는 문화, 야근 눈치 보는 문화, 부족한 워라밸 등.
화성	CL3	Q2.	조직문화 : 업무량보다 업무시간으로 평가받는 문화, 야근 눈치 보는 문화, 부족한 워라밸 등.
화성	CL2	Q2.	조직문화 : 업무량보다 업무시간으로 평가받는 문화, 야근 눈치 보는 문화, 부족한 워라밸 등.
화성	CL2	Q2.	조직문화 : 업무량보다 업무시간으로 평가받는 문화, 야근 눈치 보는 문화, 부족한 워라밸 등.
화성	CL2	Q2.	조직문화 : 업무량보다 업무시간으로 평가받는 문화, 야근 눈치 보는 문화, 부족한 워라밸 등.
화성	CL2	Q2.	조직문화 : 업무량보다 업무시간으로 평가받는 문화, 야근 눈치 보는 문화, 부족한 워라밸 등.
화성	CL2	Q2.	조직문화 : 업무량보다 업무시간으로 평가받는 문화, 야근 눈치 보는 문화, 부족한 워라밸 등.
화성	CL4	Q2.	대인관계 : 동료, 상급자, 하급자 사이의 인간 관계의 문제, 또는 업무 스타일의 차이.
화성	CL2	Q2.	대인관계 : 동료, 상급자, 하급자 사이의 인간 관계의 문제, 또는 업무 스타일의 차이.
화성	CL3	Q2.	대인관계 : 동료, 상급자, 하급자 사이의 인간 관계의 문제, 또는 업무 스타일의 차이.
온양	CL3	Q2.	대인관계 : 동료, 상급자, 하급자 사이의 인간 관계의 문제, 또는 업무 스타일의 차이.
화성	CL2	Q2.	대인관계 : 동료, 상급자, 하급자 사이의 인간 관계의 문제, 또는 업무 스타일의 차이.
온양	CL3	Q2.	대인관계 : 동료, 상급자, 하급자 사이의 인간 관계의 문제, 또는 업무 스타일의 차이.
화성	CL2	Q2.	대인관계 : 동료, 상급자, 하급자 사이의 인간 관계의 문제, 또는 업무 스타일의 차이.
화성	CL2	Q2.	대인관계 : 동료, 상급자, 하급자 사이의 인간 관계의 문제, 또는 업무 스타일의 차이.
화성	CL2	Q2.	대인관계 : 동료, 상급자, 하급자 사이의 인간 관계의 문제, 또는 업무 스타일의 차이.
화성	CL2	Q2.	대인관계 : 동료, 상급자, 하급자 사이의 인간 관계의 문제, 또는 업무 스타일의 차이.
화성	CL2	Q2.	대인관계 : 동료, 상급자, 하급자 사이의 인간 관계의 문제, 또는 업무 스타일의 차이.
온양	CL2	Q2.	대인관계 : 동료, 상급자, 하급자 사이의 인간 관계의 문제, 또는 업무 스타일의 차이.
온양	CL2	Q2.	대인관계 : 동료, 상급자, 하급자 사이의 인간 관계의 문제, 또는 업무 스타일의 차이.
온양	CL3	Q2.	대인관계 : 동료, 상급자, 하급자 사이의 인간 관계의 문제, 또는 업무 스타일의 차이.
화성	CL2	Q2.	대인관계 : 동료, 상급자, 하급자 사이의 인간 관계의 문제, 또는 업무 스타일의 차이.
온양	CL2	Q2.	근무 환경 : 열약한 근무환경, 근무지로 인한 불가피하게 긴 통근거리 등.
온양	CL3	Q2.	근무 환경 : 열약한 근무환경, 근무지로 인한 불가피하게 긴 통근거리 등.
온양	CL3	Q2.	근무 환경 : 열약한 근무환경, 근무지로 인한 불가피하게 긴 통근거리 등.
화성	CL2	Q2.	근무 환경 : 열약한 근무환경, 근무지로 인한 불가피하게 긴 통근거리 등.
화성	CL4	Q2.	근무 환경 : 열약한 근무환경, 근무지로 인한 불가피하게 긴 통근거리 등.
온양	CL3	Q2.	근무 환경 : 열약한 근무환경, 근무지로 인한 불가피하게 긴 통근거리 등.
온양	CL2	Q2.	근무 환경 : 열약한 근무환경, 근무지로 인한 불가피하게 긴 통근거리 등.
화성	CL3	Q2.	근무 환경 : 열약한 근무환경, 근무지로 인한 불가피하게 긴 통근거리 등.
온양	CL3	Q2.	근무 환경 : 열약한 근무환경, 근무지로 인한 불가피하게 긴 통근거리 등.
온양	CL2	Q2.	근무 환경 : 열약한 근무환경, 근무지로 인한 불가피하게 긴 통근거리 등.
온양	CL2	Q2.	근무 환경 : 열약한 근무환경, 근무지로 인한 불가피하게 긴 통근거리 등.
온양	CL2	Q2.	근무 환경 : 열약한 근무환경, 근무지로 인한 불가피하게 긴 통근거리 등.
온양	CL2	Q2.	근무 환경 : 열약한 근무환경, 근무지로 인한 불가피하게 긴 통근거리 등.
온양	CL3	Q2.	근무 환경 : 열약한 근무환경, 근무지로 인한 불가피하게 긴 통근거리 등.
화성	CL2	Q2.	근무 환경 : 열약한 근무환경, 근무지로 인한 불가피하게 긴 통근거리 등.
온양	CL2	Q2.	근무 환경 : 열약한 근무환경, 근무지로 인한 불가피하게 긴 통근거리 등.
온양	CL2	Q2.	근무 환경 : 열약한 근무환경, 근무지로 인한 불가피하게 긴 통근거리 등.
온양	CL2	Q2.	근무 환경 : 열약한 근무환경, 근무지로 인한 불가피하게 긴 통근거리 등.
온양	CL2	Q2.	근무 환경 : 열약한 근무환경, 근무지로 인한 불가피하게 긴 통근거리 등.
온양	CL2	Q2.	근무 환경 : 열약한 근무환경, 근무지로 인한 불가피하게 긴 통근거리 등.
온양	CL2	Q2.	근무 환경 : 열약한 근무환경, 근무지로 인한 불가피하게 긴 통근거리 등.
화성	CL3	Q2.	근무 환경 : 열약한 근무환경, 근무지로 인한 불가피하게 긴 통근거리 등.
온양	CL2	Q2.	근무 환경 : 열약한 근무환경, 근무지로 인한 불가피하게 긴 통근거리 등.
온양	CL3	Q2.	근무 환경 : 열약한 근무환경, 근무지로 인한 불가피하게 긴 통근거리 등.
온양	CL2	Q2.	근무 환경 : 열약한 근무환경, 근무지로 인한 불가피하게 긴 통근거리 등.
온양	CL2	Q2.	근무 환경 : 열약한 근무환경, 근무지로 인한 불가피하게 긴 통근거리 등.
온양	CL2	Q2.	근무 환경 : 열약한 근무환경, 근무지로 인한 불가피하게 긴 통근거리 등.
온양	CL4	Q2.	성장기회 : PE팀 내에서의 성장기회가 없거나 열악하다. 교육, 파견, '교육보다는 업무' 분위기 등
화성	CL2	Q2.	성장기회 : PE팀 내에서의 성장기회가 없거나 열악하다. 교육, 파견, '교육보다는 업무' 분위기 등
화성	CL2	Q2.	성장기회 : PE팀 내에서의 성장기회가 없거나 열악하다. 교육, 파견, '교육보다는 업무' 분위기 등
화성	CL2	Q2.	성장기회 : PE팀 내에서의 성장기회가 없거나 열악하다. 교육, 파견, '교육보다는 업무' 분위기 등
화성	CL2	Q2.	성장기회 : PE팀 내에서의 성장기회가 없거나 열악하다. 교육, 파견, '교육보다는 업무' 분위기 등
화성	CL2	Q2.	성장기회 : PE팀 내에서의 성장기회가 없거나 열악하다. 교육, 파견, '교육보다는 업무' 분위기 등
화성	CL4	Q2.	성장기회 : PE팀 내에서의 성장기회가 없거나 열악하다. 교육, 파견, '교육보다는 업무' 분위기 등
온양	CL3	Q2.	성장기회 : PE팀 내에서의 성장기회가 없거나 열악하다. 교육, 파견, '교육보다는 업무' 분위기 등
화성	CL3	Q2.	성장기회 : PE팀 내에서의 성장기회가 없거나 열악하다. 교육, 파견, '교육보다는 업무' 분위기 등
화성	CL4	Q2.	성장기회 : PE팀 내에서의 성장기회가 없거나 열악하다. 교육, 파견, '교육보다는 업무' 분위기 등
화성	CL2	Q2.	성장기회 : PE팀 내에서의 성장기회가 없거나 열악하다. 교육, 파견, '교육보다는 업무' 분위기 등
온양	CL2	Q2.	성장기회 : PE팀 내에서의 성장기회가 없거나 열악하다. 교육, 파견, '교육보다는 업무' 분위기 등
온양	CL2	Q2.	성장기회 : PE팀 내에서의 성장기회가 없거나 열악하다. 교육, 파견, '교육보다는 업무' 분위기 등
화성	CL2	Q2.	성장기회 : PE팀 내에서의 성장기회가 없거나 열악하다. 교육, 파견, '교육보다는 업무' 분위기 등
화성	CL4	Q2.	성장기회 : PE팀 내에서의 성장기회가 없거나 열악하다. 교육, 파견, '교육보다는 업무' 분위기 등
온양	CL3	Q2.	성장기회 : PE팀 내에서의 성장기회가 없거나 열악하다. 교육, 파견, '교육보다는 업무' 분위기 등
화성	CL2	Q2.	성장기회 : PE팀 내에서의 성장기회가 없거나 열악하다. 교육, 파견, '교육보다는 업무' 분위기 등
온양	CL4	Q2.	성장기회 : PE팀 내에서의 성장기회가 없거나 열악하다. 교육, 파견, '교육보다는 업무' 분위기 등
화성	CL2	Q2.	성장기회 : PE팀 내에서의 성장기회가 없거나 열악하다. 교육, 파견, '교육보다는 업무' 분위기 등
화성	CL2	Q2.	성장기회 : PE팀 내에서의 성장기회가 없거나 열악하다. 교육, 파견, '교육보다는 업무' 분위기 등
화성	CL2	Q2.	성장기회 : PE팀 내에서의 성장기회가 없거나 열악하다. 교육, 파견, '교육보다는 업무' 분위기 등
온양	CL2	Q2.	성장기회 : PE팀 내에서의 성장기회가 없거나 열악하다. 교육, 파견, '교육보다는 업무' 분위기 등
화성	CL4	Q2.	성장기회 : PE팀 내에서의 성장기회가 없거나 열악하다. 교육, 파견, '교육보다는 업무' 분위기 등
화성	CL2	Q2.	성장기회 : PE팀 내에서의 성장기회가 없거나 열악하다. 교육, 파견, '교육보다는 업무' 분위기 등
화성	CL2	Q2.	성장기회 : PE팀 내에서의 성장기회가 없거나 열악하다. 교육, 파견, '교육보다는 업무' 분위기 등
화성	CL2	Q2.	성장기회 : PE팀 내에서의 성장기회가 없거나 열악하다. 교육, 파견, '교육보다는 업무' 분위기 등
화성	CL2	Q2.	직무별, 프로젝트별 업무 강도 차이 : PJT별 다른 업무량에 대한 상대적 박탈감, 그에 대한 보상의 불투명성 등.
온양	CL4	Q2.	직무별, 프로젝트별 업무 강도 차이 : PJT별 다른 업무량에 대한 상대적 박탈감, 그에 대한 보상의 불투명성 등.
화성	CL2	Q2.	직무별, 프로젝트별 업무 강도 차이 : PJT별 다른 업무량에 대한 상대적 박탈감, 그에 대한 보상의 불투명성 등.
온양	CL2	Q2.	직무별, 프로젝트별 업무 강도 차이 : PJT별 다른 업무량에 대한 상대적 박탈감, 그에 대한 보상의 불투명성 등.
화성	CL2	Q2.	직무별, 프로젝트별 업무 강도 차이 : PJT별 다른 업무량에 대한 상대적 박탈감, 그에 대한 보상의 불투명성 등.
화성	CL4	Q2.	직무별, 프로젝트별 업무 강도 차이 : PJT별 다른 업무량에 대한 상대적 박탈감, 그에 대한 보상의 불투명성 등.
화성	CL4	Q2.	직무별, 프로젝트별 업무 강도 차이 : PJT별 다른 업무량에 대한 상대적 박탈감, 그에 대한 보상의 불투명성 등.
화성	CL3	Q2.	직무별, 프로젝트별 업무 강도 차이 : PJT별 다른 업무량에 대한 상대적 박탈감, 그에 대한 보상의 불투명성 등.
화성	CL4	Q2.	직무별, 프로젝트별 업무 강도 차이 : PJT별 다른 업무량에 대한 상대적 박탈감, 그에 대한 보상의 불투명성 등.
온양	CL2	Q2.	직무별, 프로젝트별 업무 강도 차이 : PJT별 다른 업무량에 대한 상대적 박탈감, 그에 대한 보상의 불투명성 등.
온양	CL4	Q2.	직무별, 프로젝트별 업무 강도 차이 : PJT별 다른 업무량에 대한 상대적 박탈감, 그에 대한 보상의 불투명성 등.
화성	CL4	Q2.	직무별, 프로젝트별 업무 강도 차이 : PJT별 다른 업무량에 대한 상대적 박탈감, 그에 대한 보상의 불투명성 등.
화성	CL2	Q2.	직무별, 프로젝트별 업무 강도 차이 : PJT별 다른 업무량에 대한 상대적 박탈감, 그에 대한 보상의 불투명성 등.
화성	CL2	Q2.	직무별, 프로젝트별 업무 강도 차이 : PJT별 다른 업무량에 대한 상대적 박탈감, 그에 대한 보상의 불투명성 등.
온양	CL3	Q2.	직무별, 프로젝트별 업무 강도 차이 : PJT별 다른 업무량에 대한 상대적 박탈감, 그에 대한 보상의 불투명성 등.
화성	CL2	Q2.	직무별, 프로젝트별 업무 강도 차이 : PJT별 다른 업무량에 대한 상대적 박탈감, 그에 대한 보상의 불투명성 등.
온양	CL4	Q2.	직무별, 프로젝트별 업무 강도 차이 : PJT별 다른 업무량에 대한 상대적 박탈감, 그에 대한 보상의 불투명성 등.
화성	CL2	Q2.	직무별, 프로젝트별 업무 강도 차이 : PJT별 다른 업무량에 대한 상대적 박탈감, 그에 대한 보상의 불투명성 등.
화성	CL2	Q2.	직무별, 프로젝트별 업무 강도 차이 : PJT별 다른 업무량에 대한 상대적 박탈감, 그에 대한 보상의 불투명성 등.
온양	CL4	Q2.	직무별, 프로젝트별 업무 강도 차이 : PJT별 다른 업무량에 대한 상대적 박탈감, 그에 대한 보상의 불투명성 등.
온양	CL4	Q2.	직무별, 프로젝트별 업무 강도 차이 : PJT별 다른 업무량에 대한 상대적 박탈감, 그에 대한 보상의 불투명성 등.
화성	CL2	Q2.	직무별, 프로젝트별 업무 강도 차이 : PJT별 다른 업무량에 대한 상대적 박탈감, 그에 대한 보상의 불투명성 등.
화성	CL2	Q2.	직무별, 프로젝트별 업무 강도 차이 : PJT별 다른 업무량에 대한 상대적 박탈감, 그에 대한 보상의 불투명성 등.
온양	CL2	Q2.	직무별, 프로젝트별 업무 강도 차이 : PJT별 다른 업무량에 대한 상대적 박탈감, 그에 대한 보상의 불투명성 등.
화성	CL4	Q2.	직무별, 프로젝트별 업무 강도 차이 : PJT별 다른 업무량에 대한 상대적 박탈감, 그에 대한 보상의 불투명성 등.
화성	CL4	Q2.	직무별, 프로젝트별 업무 강도 차이 : PJT별 다른 업무량에 대한 상대적 박탈감, 그에 대한 보상의 불투명성 등.
화성	CL2	Q2.	직무별, 프로젝트별 업무 강도 차이 : PJT별 다른 업무량에 대한 상대적 박탈감, 그에 대한 보상의 불투명성 등.
온양	CL2	Q2.	직무별, 프로젝트별 업무 강도 차이 : PJT별 다른 업무량에 대한 상대적 박탈감, 그에 대한 보상의 불투명성 등.
화성	CL4	Q2.	직무별, 프로젝트별 업무 강도 차이 : PJT별 다른 업무량에 대한 상대적 박탈감, 그에 대한 보상의 불투명성 등.
온양	CL3	Q2.	직무별, 프로젝트별 업무 강도 차이 : PJT별 다른 업무량에 대한 상대적 박탈감, 그에 대한 보상의 불투명성 등.
화성	CL2	Q2.	직무별, 프로젝트별 업무 강도 차이 : PJT별 다른 업무량에 대한 상대적 박탈감, 그에 대한 보상의 불투명성 등.
화성	CL3	Q2.	업무적성 : 업무에서 재미를 느끼지 못하거나, 통제감과 자율성 부족, 배치된 업무와 적성이 맞지 않음.
온양	CL2	Q2.	업무적성 : 업무에서 재미를 느끼지 못하거나, 통제감과 자율성 부족, 배치된 업무와 적성이 맞지 않음.
화성	CL2	Q2.	업무적성 : 업무에서 재미를 느끼지 못하거나, 통제감과 자율성 부족, 배치된 업무와 적성이 맞지 않음.
화성	CL3	Q2.	업무적성 : 업무에서 재미를 느끼지 못하거나, 통제감과 자율성 부족, 배치된 업무와 적성이 맞지 않음.
화성	CL2	Q2.	업무적성 : 업무에서 재미를 느끼지 못하거나, 통제감과 자율성 부족, 배치된 업무와 적성이 맞지 않음.
온양	CL2	Q2.	업무적성 : 업무에서 재미를 느끼지 못하거나, 통제감과 자율성 부족, 배치된 업무와 적성이 맞지 않음.
온양	CL3	Q2.	업무적성 : 업무에서 재미를 느끼지 못하거나, 통제감과 자율성 부족, 배치된 업무와 적성이 맞지 않음.
화성	CL2	Q2.	업무적성 : 업무에서 재미를 느끼지 못하거나, 통제감과 자율성 부족, 배치된 업무와 적성이 맞지 않음.
온양	CL2	Q2.	업무적성 : 업무에서 재미를 느끼지 못하거나, 통제감과 자율성 부족, 배치된 업무와 적성이 맞지 않음.
화성	CL2	Q2.	업무적성 : 업무에서 재미를 느끼지 못하거나, 통제감과 자율성 부족, 배치된 업무와 적성이 맞지 않음.
화성	CL2	Q2.	업무적성 : 업무에서 재미를 느끼지 못하거나, 통제감과 자율성 부족, 배치된 업무와 적성이 맞지 않음.
화성	CL2	Q2.	업무적성 : 업무에서 재미를 느끼지 못하거나, 통제감과 자율성 부족, 배치된 업무와 적성이 맞지 않음.
화성	CL4	Q2_	.
화성	CL4	Q2_	원류 부서가 아니다 보니 잡일이 엄청나게 많다.
화성	CL4	Q2_	.
화성	CL4	Q2_	업무(기술) 정의가 명확하지 않음, 중요하고 항상(꼭) 해야하는 PE 고유 일이지만 인정 못받는 경우가 있음. 기존의 구체적인 Tech ladder가 없다 보니 배치 운에 따라 달라짐.
온양	CL4	Q2_	회사로부터 충분한 지원을 받고 있지 않다
화성	CL4	Q2_	.
화성	CL4	Q2_	직무 선택의 기회 : 온양/화성Site,  개발/양산제품, WF/PKG업무,  선택을 할 수 없고, 이동 또는 전환 하기도 쉽지 않다.
화성	CL2	Q2_	.
온양	CL2	Q2_	강압적인 세미나
화성	CL2	Q2_	없습니다.
온양	CL3	Q2_	직급을 내세우며 동료직원(후배)에게 막대하거나 후배들의 의견을 전혀 듣지 않는 문화가 있으며, 이를 아는 리더들도 자신의 위치(년차)와 비슷하다보니 전혀 문제삼지 않는 문화가 팽배하다.
화성	CL4	Q3	업무스타일차이, 스트레스, 책임>권한 등
화성	CL2	Q3	1) 프로젝트별로 업무강도가 차이나는데, 고과는 PJT별 상대평가이다.  2) 조직문화 : 얼마나 했는지보다 상급자가 있을 때 자리에 앉아 있는 게 더 중요하다. 3) 부족한 보상 : 일 받을 때부터 고과 정해진 느낌
온양	CL4	Q3	"개발에 업무 로드가 많은 건 이해가 되지만, 양산성으로 PE팀이 일하고 공은 제조나 운영에서 챙기는 구조가 있는데 아무도 문제 삼지 않는 것이 PE팀 내는 개발이 더 중요하다고 보기 때문 아닐까 싶다.

그래서 고과 배분이 낮아도 이해가 된 부분은 누군가에게는 배신과 상처라는 생각이 강하다.

리얼로 얘기하면 팀장님은 양산성 확보 업무에 관심이 없다. 

양산성 달성해도 전체 메일은 한번도 못 봤으나, 개발 달성하면 메일을 쓰고 회식도 하고... 

팀이 회사 기여도 가 큰 부분인데..."
화성	CL4	Q3	"1) 부족한 보상 : 모제품 담당 엔지니어 대비 자제품, 이전 공정 제품 담당자들에 대한 보상의 차이가 개개인의 자존감과 소속감에 영향을 주는 것으로 생각이 된다.

2) 조직문화 : 아직도 업무가 최우선임. 윗 선으로 갈수록 긴급한 업무가 있거나 중요한 회의가 있으면 밤 새워서라도 해야한다는 인식이 있으며, 이런 부분을 발언하는 것은 자발적 참여를 유도하기 보다는 강요성이 있다고 본다.

3) 팀의 위상 : 양산, 생산의 중요도 대비 엔지니어링의 중요도는 떨어짐. 엔지니어링 환경을 만들기 위해 관련부서에 하는 요청, 설득, 협의 등 소모되는 에너지도 상당하게 큼. 엔지니어링에 대한 팀별 투자의 차이도 차별로 느낌."
화성	CL4	Q3	"팀의 위상이 예전보다 나아지긴 하였으나 어느 정도 한계가 있는 것으로 보임

: 원류 부서가 아님"
화성	CL2	Q3	"1) 업무강도차이 : 동일한 연차임에도 특정 PJT 혹은 EDS/PKG Engr. 별의 업무강도 차이가 심하다.

2) 성장 기회 : 인력 부족으로 본인이 빠졌을 때 눈치 보이기 때문에 교육가기가 어렵다."
온양	CL2	Q3	1. .
화성	CL3	Q3	". 관리영역이 넓고, 문제발생시 PE팀이 해결해야만 하는 업무 분위기

. 관리자와 엔지니어의 소통 부재 ( 말로 하는 소통이 아닌 실재 소통이 이루어져야함 )"
온양	CL2	Q3	1)업무 적성 : 이 업무가 적성이 맞는가 고민하게된다. 업무가 순탄하게 안흘러간다. 2)부족한 보상 :  TP에서 근무하면 양산업무가 많은데 보상이 부족한거 같아 이적 갈등이 생깁니다.
화성	CL4	Q3	다른 부서를 가 본적이 없어서 잘 모르겠지만, PE팀들이 전통적으로 일이 많다고 소문이 많이 나서 별로 인기가 없다고 했다.  근데 이정도를 일이 많다고 하면, 다른 부서들은 정말 일을 엄청나게 안하는것 같긴한데, 같이 협업하는 대외부서를 봐도 PE만큼 바쁘게 또는 열심히 사는 부서는 못 본것 같기도 하다.
화성	CL2	Q3	"1)조직문화 : 눈치성 야근 존재, 출근시간은 생각하지 않고 일찍 퇴근하면 일 안한다고 생각함(7시 출근자와 9시 출근자가 동일 시간을 근무해도 후자가 더 열심히 늦게까지 업무한다고 인식함)

2)성장기회 : 교육 간다고 하면 일단 눈치를 줌(꿀 빨러 가냐 등), 업무 관련해서 교육을 제대로 받은적이 없고 항상 선배들에게 물어보거나 옆에서 하는 걸 보며 배움(선배들이 바빠서 제대로 가르쳐 주지 못하는 환경은 인정하고 있음, 그럼 팀 내부적으로 체계적으로 교육 해줬으면 좋겟음.)

3)팀의위상 : 일단 PE팀이 다 하겟다고 함(타부서 업무까지 가지고 오는 느낌). 사고는 다른곳에서 내고 처리는 우리가 항상 함, 책임도 뭐든 우리가 짐 그리고 물량 진행 등에 문제가 생기면 일단 PE팀에게 다들 연락 옴"
화성	CL2	Q3	형식적인 메뉴얼 업무로 인해 시간소비가 심합니다.
온양	CL3	Q3	상하간 소통부족, 나만 잘살면된다는 마인드가 강함(서로 키워주고자하는 의지 없음, 특히 제품 외 PJT), 근무환경 열악한것도 사실(근무지 온양),열심히 했지만 성과는 결국 타팀한테 먹히는 성과 관리 부재(MURO 등)
화성	CL2	Q3	대감집 노예라는 말이 제일 어울리는 부서 같습니다. 개발실 소속인데 힘이 없어서, 항상 을이에요. 뭐 해달라고 하면 넙죽 다 해주고,, 가끔 팀 정체성이 의심 됩니다.
화성	CL2	Q3	"1) 일이 너무 많은 것 같다

2) 대인관계가 쉽지않다

3) 어떤 업무인지 잘 와닿지가 않는다"
화성	CL2	Q3	"성장기회 : PE팀 업무의 특성은 DRAM 개발과 관련된 모든 업무에 두루두루 잘 한다 -> 반대로 얘기하면 뭐 하나 뚜렷하게 하는게 없다

근무환경 : 핵심 인력에게 일이 몰림 -> 최근 제품이 매우 많이 생겨, 기존에 추구하던 조직 문화처럼 제품별 TL 밑에 각 제품 담당 인원이 줄어든 이유가 크다고 생각함"
화성	CL4	Q3	"팀의위상 :  원류부서 대비 존재감 적음

성장기회 : 교육에 대한 인식 부족, 예기치 않는 긴급 대응 업무가 항상 많음

업무강도 : EDP 제품, 특히 모제품 탈탈 털림"
화성	CL4	Q3	p
화성	CL4	Q3	"1) 직무별 : PTL 성향에 따라 업무 강도 차이가 심함. 어떤 PTL 은 우선순위 높은 업무 위주로 진행해서 야근이 적은 반면, 어떤 PTL 은 모든 업무를 진행하려고 하다 보니 야근도 많고 스트래스도 많아 불만이 생김.

2) 부족한 보상 : 개발실 소속이다 보니 제품 담당자들에 비해 소프트웨어 개발 인력이 소외를 받는 부분이 많아 보임."
화성	CL2	Q3	다양한 부서와의 협업에서 을의 입장인 부분이 조금 있는 것 같습니다.
화성	CL3	Q3	"1. 대인관계 (인맥) : 누굴 만나서 서로 끌어주냐에 따라서 진급  , 중요하고 진급할수 있는 업무 배분을 받음.  ( 업무능력이 엄청 크게 차이나지 않다고 생각)

 . 대인관계 (관리 업무)  :  매니징 업무가 고과 및 진급에 유리함.   아래사람 모아서 영향력 보이고  경쟁자를 왕따 시킴 (주로 커피, 차, 점심 식사로 이용)

                                            윗 사람이 하면, 아랫사람도 똑같이 그 문화 받아서 따른는 경향 ( 대표자 ,  이주훈-> 선두안 -->  여기까지만.   )

2. 부족한 보상 (이미지 관리) : 발표 하는 사람 , 상타는 사람   거의 비슷한것 같음.   중요 업무 (임원분과 함께하는 업무),  그렇지 않게 업무하는 사람은 상대적 박탈감

3.  업무적성 : 위사람에 스타일에 따라 다름 ( 시키면 말없이 해야 인정 받음,   자기 주장 강하면  인정 못 받음.)"
온양	CL3	Q3	"OO의 요청으로 다음 주까지 OO 제품 PGM 긴급 개발 필요함."  (개발 완료 후) "개발 완료된 PGM은 당장 대응 필요 없어졌으니 다음에 사용하고 다른 업무 대응하도록!" 와 같은 상급자의 업무 지시가 가끔 존재하고, 비전 공유 없이 이슈 해결에 업무가 집중되어 장기적인 성장 방향에 대한 고민이 부족. (수많은 Process가 개발되었으나 5,10,15년 전 업무 대비 업무 방식에 대한 개선은 못 느낌) 개인/부서 간 개인주의/이기주의. 부서/개인 간 교류 부족.
화성	CL3	Q3	모공정 모제품, 하는 사람만 계속 하는 것 같습니다.
화성	CL2	Q3	말 그대로 양산 업무 자체가 굉장히 긴급하고 타 부서 대응 시 부탁하는 입장이 될 수 밖에 없어서 스트레스도 많이 받는 업무인데 당연시 하게 여기는 문화때문에 양산 제품의 업무들은 신규제품에 비해 크게 인정받지 못하는 것 같습니다.
온양	CL3	Q3	DSR건물과 비교되는 사무 환경, 식당과 사업장 위치
화성	CL4	Q3	고성과자 중심으로 각종 성장기회가 부여되어, 저성과자와 중간그룹은 기회 자체가 원천 차단되어 의욕 자체 마저 꺽임
화성	CL4	Q3	"- 양산 업무 : 원할한 업무 수행을 위한 역량 확보까지 다양한 기술을 익혀야 하고 많은 시간이 소요되는 것 대비 기술적으로 인정 받기가 상대적으로 어렵다. 당연히 하는 업무로 인식됨.

- 팀의 위상 : 제품의 설계/공정 개발 완성도가 떨어지는 상황에서  PE의 기술로 PRA확보~양산까지 주도적으로 이끌어 가는 것 대비  포상, 진급(임원)에서 낮은 평가를 받음."
화성	CL2	Q3	조직내 인원이동이 잦다 보니까 인력들이 자주 변동이 있고 빠져나가서 한사람에게 업무가 집중되는 경향이 있다.
화성	CL4	Q3	"1) 모제품 개발 참여 - 힘들지만, 상위 포션은 많은 거 같은데.. 그래도 평고과 받으면.. 난 뭐지?

2) 온양 근무 회피

3) 모든 일을 대응하고 마지막 정리도 PE가..."
화성	CL2	Q3	"1) 성장 기회 : 얕고 넓은 직무에 따른, 상대적인 전문성 부족

2) 팀의 위상 : 이걸 왜 PE팀한테..? , 타부서와 R&R 정립 시 항상 피해를 보는 느낌"
온양	CL3	Q3	6)팀의 위상 : 개발과 양산의 접점에 위치하면서, 어쩌면 가장 대우를 많이 받아야 하는 팀임에도 항상 책임과 뒷처리는 우리의 몫...
온양	CL2	Q3	"부족한 보상은 말 그대로 양산업무는 base로 속하게 때문에 시간이 많이 걸리는 일은 피하고 싶습니다.

성장기회. 교육을 받으러 갈 때 자유로운 분위기가 아니라 어떠한 목적을 가지고 받으러가기 떄문에 꺼려짐. 또한 교육 조차 많이 없음.

직무별, 프로젝트별 업무 강도 차이 부족한 보상과 마찬가지로 개발과 양산에서 업무 성과는 개발쪽으로 가게 때문에 불리한 느낌이 듭니다."
온양	CL4	Q3	1)근무환경 : 주업무가 특성분석, 불량분석, Test coverage개발등임에도 업무에 필수 infra 분석설비가 부족으로 분석설비 자원 확보 보다 적극적인 지원이 필요합니다
화성	CL2	Q3	워라밸 부족
화성	CL3	Q3	일과시간에 최대한 빨리 처리해도 야근시간이 적으면 업무가 적은것으로 굳게 매우 굳게 믿는 평가자들은 절대 바뀌지 않는다 절대로...
온양	CL4	Q3	"PE팀의 경우 기본적으로 제품 개발 및 양산관련 업무가 기본이자 base인데 연구반 신설에 따른 인원 차출되고 있고 연구반의 업무강도가 개발/양산보다 절대 높다고 볼수도 없습니다.

그리고, 연구반의 업무가 양산의 도움이 필요하거나 양산에서 확보된 data를 가지고 분석하는 case가 많아, 결국 개발/양산 담당하는 PJT 인원들의 업무량은 인원 차출과 별도로 연구반 지원업무까지 떠맡게 된다는 시각도 있습니다.

또한, 양산의 sustain 업무를 배제하고 연구만 하는 인원들에게 더 많은 분석기회나 장비 할당이 주어지는 경우도 많고, 연구한 결과가 양산에 적용되지 않는 것이더라도 성과로 포장되어 수상이나 성과 보상을 받는 경우를 많이 접하고 있습니다."
화성	CL3	Q3	양산은 개발에 비해 인정 못받는 느낌
온양	CL2	Q3	"1) 긴급 업무가 많다보니 야근을 많이 함. 일이 양도 많은듯 합니다.

2) 양산 담당 엔지니어의 부담감이 큼. 실수에 대한 Risk도 크고, 긴급한 일이 많이 발생함.

3) 온양 site가 있다는것 자체가 불만 --> 이 이유로 DRAM PE 지원을 안하는 사람들이 많음."
화성	CL4	Q3	.
화성	CL4	Q3	"1) 업무 강도 차이 : 모제품의 업무 강도는 타 PJT 대비 배이상 차이가 있음. 매주 진행되는 제품회의 및 종합회의 등 회의체가 너무 많고 그때마다 계속적으로 자료 작성을 위한 긴급 업무가 지속 이어짐.

2) 팀의 위상 : 예전보다는 많이 올라갔지만, 아직까지 품질은 QA / 수율은 PA,PIE등이 주도권을 잡고 각종 평가 부터 결론까지 PE에서 진행하지만 마지막 공은 타팀으로 넘어가는 일이 아직도 많음"
화성	CL3	Q3	"1)부족한 보상 : 중요 PJT가 아니라서, 메인 업무가 아닌 서브 업무라서 성과 불인정 및 고과 차별 / PJT별 직급별 연차 고려하지 않은 PJT별 고과 나눔으로 인한 특정 PJT 인력 고과 차별,손해

2)근무 환경 : 무분별한 긴급 대응 요청으로 인한 무리한 납기 요구

3)조직문화 : 특정 PJT 위주로 돌아가는 업무 환경과 중요 업무 외 인력은 하청/소모품 취급"
화성	CL2	Q3	B/E Test 담당 부서의 한계 같습니다.
화성	CL3	Q3	"같은 제품을 담당하고 있는, 유관 부서 인력에게 질문을 하려고 했더니 그 팀은 이미  퇴근을 한 상태네요..

시간은 19시.. 우리는 저녁먹으로 가자고 하고 있는데.."
화성	CL2	Q3	"1) 부족한 보상 : 리더들의 시야가 좁다고 생각된다. 분석, 마이닝에 근거한데이터만을 회의에서 써서 그런가? 나머지는 당연히 될꺼라고 생각한다. (특히 양산관련업무들, WF, PKG양산) 그 당연할걸 누구한테 물어야할지도 모르겠고 메뉴얼조차 없다. 그래서 다들 구전을 통해서 양산을 배운다. 그게 내 능력으로 비춰지는게 너무 싫다.

2) 업무 강도차이 : 솔직히 PJT당 50%가 상위고과를 가져간다면 당연히 칼퇴가 보장된 PJT를 선택하지 않겠는가?

3) 조직문화 : 후배 성장에 관심이 없다. One on One이 중요한 게 아니라 애들이 다른데 가서도 제 몫을 하는 사람으로 만들어야지, 그저 언제 완료 되냐만 묻는다."
화성	CL3	Q3	사고는 다른곳에서 치고 항상 문제 해결을 위해서 일은 우리가 한다. 그리고 사고 친곳에서 우리의 일정을 관리 한다. 그 일정에 우리가 바쁘게 일하고 야근하면, PE팀이 당연히 해야 할 일을 한 것으로 간주 된다. 사고가 없으면 할 필요 없는 불필요한 일을 사고 처리 하기 위해서 한 추가적인 일인데... 다른 분석을 하고 다른 일을 할 수 있는 리소스를 소비하게 된것이다
온양	CL3	Q3	"1. 근무 환경 : 온양 배치 후 화성에서 근무하는 것이 어렵기 때문에 잡포를 통해 근무 장소 변경함

2. 대인관계 및 조직문화 : 상급자에 의해 부서 분위기가 결정됨. 상급자가 중심을 잡지 못하고 본인 기분에 따라 행동하거나, 업무방향을 명확하게 지시하지 못할 경우, 부서원들만 죽어남"
화성	CL2	Q3	"1. 이전 고과산정 방식에서 평가자가 '어쩔 수 없이' 업무시간으로 고과를 줬다는 말을 들었습니다. 상위 고과의 기준이 업무의 퀄리티나 중요도 보다는 업무 시간인 것 같아 많이 실망스러웠습니다. 

2. 저는 양산업무는 아니지만, 양산업무를 하시는 선후배분들을 지켜보는 입장에서 과하게 많은 업무가 치중되어 있는 것 같습니다. 또한 긴급이라는 명목 하에 일의 연속성 없이 일시적인 대응을 해야 하는 탓에 성장이나 발전의 기회가 없다는 불만을 많이 들었습니다."
화성	CL2	Q3	양산 PE, 개발 PE로 나눠야 한다.
화성	CL4	Q3	"제품 업무 중 부서간 경계에 있는  애매한 경우에 PE가 하는 경우가 많다. 그리고 타부서가 은근 협박하는게 임원 넣고 메일 보낼게요. 하는 경우가 비일비재한데, 

보통 우리팀 역대 임원분들은 부서간 아규가 생기면 담당자를 은근히 비난(?)하는 경우가 많았던 것으로 기억함."
화성	CL2	Q3	"1) 성장기회 : 교육보다는 무조건 업무 분위기에 그저 나중은 생각하지 않고 눈 앞에 일만 당장 해결 하는 게 강합니다.  

2) 조직문화: 여전이 업무시간으로 평가를 받는 느낌을 받고 있고, 야근 눈치도 보고 있습니다. 물론 그보다 절대적 일의 양이 많기도 합니다.

현재 팀의 구조를 보면 업무량은 팀의 여러 방향에 따라 exp로 증가하고 있는데 실제 일하는 사람은 증가하고 있지 않습니다.

신입사원을 많이 받아서 키워서 진행하려고 한다고 하고 있지만 신입사원을 키우는 것 또한 현재 가장 많이 일하고 있는 사람들의 업무입니다."
온양	CL2	Q3	"1. 조직문화 : 자율 출퇴근이라지만 암묵적으로 정해진 출/퇴근 시간 존재.

2. 팀의 위상 : 양산 업무 진행 시 PE팀이 맡는 롤은 많은데, 인정은 못받고 책임은 질 수 밖에 없는 구조.

3. 근무환경 : 온양 Site 근무 --> 신입사원이 DRAM PE팀을 기피하는 이유 중 가장 큰 부분을 차지."
온양	CL2	Q3	부서 분위기, 업무 강도, 회사 생활 모두 만족스럽지만, 결혼을 앞두고 거주지에 대한 현실적인 고민 때문에 고려 중
온양	CL3	Q3	"1) 업무 강도 차이 : 이건 좀 극명하게 나뉘는 척도를 볼 수 있는게 신입사원 배치 시 선호/비선호 PJT 입니다. PJT별 업무 강도가 너무 크니까 아무것도 모르는 신입사원이 들어와서도 특정 PJT는 일이 많으니 가기 싫다는 말이 나오는 정도이며, 임원진/PL도 알지만 방치? 하는 거라고 보입니다. 

2) 팀의 위상 : PE팀 업무 특성상 매우 여러 부서와 업무 바운더리가 걸쳐있다 보니 타부서 대응이 많고 거기서 발생하는 업무적 스트레스도 많은 편입니다. 특히 양산은 매번 평가 등으로 요청해야 하는 부분이 많은데 요청을 하니까 을의 입장이 될 수 밖에 없습니다."
온양	CL2	Q3	"근무환경 : 근무지 매우 불만족

수도권 선호도가 높아지는 만큼 PE팀이 온양 근무지를 가지고 있는 한 매력도는 점점 떨어질 거라 생각함. 주거정착을 하지 않은 저년차 인력 유출은 주변을 둘러봤을 때 점점 더 많이 발생핧 것으로 보임. 그걸 지켜보는 입장에서, 저도 계속 이 부서에 있어야겠다는 생각은 점점 사라집니다."
화성	CL2	Q3	.
온양	CL2	Q3	ot시간으로 눈치주기, 수직적인 구조, 온양 캠퍼스
화성	CL2	Q3	직무별, 프로젝트별 업무강도의 차이가 크다.
온양	CL4	Q3	팀의 위상 : 팀의 위상은 낮은데 높일려는 무리한 시도를 통한 스트레스.  그냥 우린 개발실 3인자 인정합시다.
화성	CL4	Q3	..
화성	CL2	Q3	.
온양	CL3	Q3	"1) 부족한보상 :  하루종일 양산업무만 해도 시간이 부족한데, 양산업무는 업무가 아니라고 한다. 팀장이 바뀌면 온양 업무는 늘 비판의 대상이 되어 정체성이 없다.

2) 팀의위상 : 각 부서간의 역할이 있을텐데, 왜 PE가 제조부터 출하까지 다 관여하고 있는지 모르겠다. 명확하지 않은 업무 영역으로 인해 책임은 무한대로 커지고, 타부서의 모럴해저드 야기 및 타부서로부터의 갑질까지 당하는 일이 일상이다.

3) 업무적성 : 기술의 발전 속도가 내가 습득할 수 있는 지식과 업무노하우의 속도를 늘 앞서가는게 늘 너무 힘들고 괴롭다."
온양	CL3	Q3	"1) 부족한 보상 : 온양 Site의 정체성은 PKG 양산 업무인가요? 그렇다면 현재 양산 업무는 인정받고 있나요?

2) 근무 환경 : DSR에 비해서 온양 Site가 나은 점은 햇빛을 많이 본다는거 빼고는...?

3) 성장기회 : 최근 3년간 성장기회를 잡은 인원 List를 먼저 공유해주시는 것이, 화성과 온양의 차이가 있는지 없는지"
화성	CL2	Q3	EDS업무가 PKG에 비해 너무 많습니다
온양	CL4	Q3	"1)팀의위상 : PE팀의 업무범위가 넓다. 사고대응/신제품/양산 업무만으로도 할일이 많은데 인정받지 못하고, 매번 평가때 논문,특허,혁신,창의,보고,발표 등등으로 평가의 기울기가 치우쳐있어보인다. 이로인해 팀을 상징하는 PE업무가 팀원 스스로 자부심을 가질수 없는 업무가 되어버림.

2) 부족한보상 : 상동

3) 업무강도차이 : 물리적인 시간을 많이 투자 해야하는 양산업무는 인정을 받지 못해 더욱 불만이 많아지는것 같다. DM,TSL,IDS,정책연구 등등 다들 힘들겠지만, PE고유업무의 보상이 높아지면 업무강도의 차이도 수긍할것같다."
화성	CL2	Q3	EDS Engr는 양산관련 PGM변경이 Main이 되고있고 , 테스트기술그룹과 같은 전문성이 부족하여 PGM다루며 사고위험이 있으며, EDS팀 , 타팀에 항상 부탁,요청하는 을의 입장이라는 생각이 듭니다.
온양	CL4	Q3	PE팀이 양산환경에서 파생되는 업무들이 많음 (수율,품질,평가,이상처리,RJ정리,설비횡전개, 환경성/제품성 구분)
화성	CL2	Q3	프로젝트별로 상이한 근무환경 ( 업무시간, 해피데이 문화 등 )
화성	CL4	Q3	수도권(도심권) 근무 선호하여 입사 지원 했지만(경쟁사는 시골) 원치않게 온양 배치 될 수 있고, 개발실 소속 이지만 상당수의 업무가 양산관련 업무이며, Project 배치후 WF 직무로 배정 받으면 PKG 직무로 전환하기 어렵다. EDP, Mobile 제품간 이동 인력도 많지 않다.
온양	CL4	Q3	"1) 부족한 보상 : 양산 업무와 가술(분석 등) 업무에 대해 우열이 존재함. 양산 업무 담당자에 대한 인정과 성장이 필요한 것 같음. 현재는 양산 업무는 저성과이고 기술 업무가 진짜 업무라는 분위기가 있는데 두 가지 업무는 서로 다른 영역이라고 생각함. 차라리 양산 업무에 대한 전문성에 집중하고 양성했으면 함. 

2) 팀의 위상 : 위상이라고 하기에는 맞지 않을 것 같지만, FAB-EDS~Assy-PKG test-MVP-MDL 공정에서 많은 부분에 관여 되어 있기 때문인지 떠 밀려 일하게 되는 경우가 종종 있고, 문제가 생기면 책임에서 자유롭지 못한 것 같음. 우리 롤과 서포트 영역에 대해 가이드가 있으면 좋겠음."
화성	CL3	Q3	"워낙 PE팀의 업무 스펙트럼이 넓다보니, 알아야 할 것도 많고, 접촉하는 부서도 많습니다. 

관련부서와의 협업이 많을 수록 업무 R&R 이나 SOP등 부가적으로 검토해야 할 것도 많고, 

관련 부서와의 의견 차이도 많이 발생할 수 밖에 없는 상황 자체가 머리로는 이해되도 감정적으로는 힘들때가 많은 것 같습니다."
온양	CL2	Q3	온양사업장 근무자의 경우, 환경적인 측면에서 단 하나의 메리트도 없다고 생각합니다.
화성	CL2	Q3	"팀의 위상: 타 부서에서 불필요한 요청이 많이 들어옴

성장기회: 교육이나 선배님의 지도(?)가 없으면 혼자만의 힘으로 성장하는데 한계가 있는 업무임

기타: 10년 뒤 미래를 생각하면 긍정적인 이미지가 그려지지 않음"
화성	CL2	Q3	산업공학과 데이터 사이언스 직무로 입사하여 제품에 배치가되어 스트레스가 극심함
온양	CL2	Q3	"1) 조직 문화 : 자율 출퇴근이지만 결국 눈치가 보이며, 야근을 많이 할 수록 인정받는 분위기가 있음

2) 근무 환경 : 원하지 않는 온양 캠퍼스에 배치 받은 현실, 열약한 사무환경, 부족한 지역 인프라, 화성과 대비되는 차별 존재 

                          메모리 사업부지만 존재하지 않는 소속감, 매번 설명 해야하는 근무지 환경, 

3) 강압적인 세미나 : 다수의 세미나가 존재하며 막상 세미나를 개최하면 제대로 듣지않는 것이 현실"
화성	CL4	Q3	"2)팀의 위상 :  대외 부서 간 접점이 많이 있다 보니 ,  업무에 대한 명확한 선이 없어서 PE가 다 해야 한다는 대외 부서 인식,  

PRA 및 Sample 대응 시, 일정 관리 부분은 담당 부서가 있음에도 PE에서 대응해야 한다는 유관 부서 및 상위 관리자의 묵시적 시선"
화성	CL2	Q3	"(1) 양산 업무로 인해 기본적으로 써야 하는 시간이 많지만, 인정을 제대로 해주지 않고 (PE팀 내부에서도) 양산 업무를 당연한 업무라고 생각하는 경향이 있다.

(2) 하급자에게 심하게 대하는 경우가 있다. 본인은 좋은 PL/TL님을 만나서 다행이지만, 옆 파트만 해도 너무하다 싶은 정도의 내용이 들려오는 경우가 있다.

(3) 상급자의 성과 가로채기가 존재한다. 개발/분석은 후배가 다 하고 데이터 가져오라는 선배가 PPT만 만들어서 본인 업적인 것처럼 하는 경우가 있다."
화성	CL4	Q3	.
화성	CL4	Q3	원류 부서가 아니다 보니 대외적으로 인정받기에 부족한 면이 있음
화성	CL2	Q3	-
온양	CL2	Q3	"근무환경) 온양 <-> DSR간 소속된 사업부가 다르게 느껴지고, 온양 TSP에서 지원받는건 못받고, 그렇다고 DSR(메모리)에서도 굳이 찾아가며 챙기는것 같지 않다.

                   기존 사원들은 사실상 익숙해져서 불만이 없을수있겠지만, 신입사원이나 저년차 입장에서는  차별 혹은 박탈감이 느껴질수있다.

강도차이) 모든 PJT다 열심히하고 자기일에 최선을 다하는것은 맞지만

                   신제품&양산 제품을 맡고 있는 PJT는 FAB일정에 맞추고, 평가일정에 맞추고 하다보면 업무시간이나 피로도가 누적되서 힘들다고 느끼는 반면, 시스템을 만들거나 일정에 쫓기지 않는부서는 늦지도 않고, 양산물량 받아낸다고 대기하는것도 없고 등등

                   보상은 같은데, 상대적으로 워라벨을 맞추기 어렵게 되어 박탈감이 크다."
화성	CL2	Q3	1) 성장기회 : 교육을 가도 눈치보이는 문화 / 2)조직문화 : 퇴근시간, 초과근무시간으로 평가는 하지 않는다고 하지만 눈치보이게 하는 문화, 일하고싶은 Project보다는 강제성을 띈 팀내 Job이동/ 3)대인관계 : 수직적
온양	CL2	Q3	"근무환경 : 같은 메모리 개발실 소속으로 속해있지만 화성 / 온양 근무로 인한 박탈감이 느껴집니다. 

화성에 비해 온양의 지역적인 인프라 부족으로 지난번 조사에서 건의한 KTX비용 지원 등이 역차별이라면  애초에 온양 근무지 자체가 화성 근무지에 비해 차별이라고 생각되는데 기저에 차별이 이미 존재하는거 아닌가 생각됩니다.

추가적으로 매번 설문조사를 통해 지역적인 부분에 대한 박탈감을 어필하여도 구체적인 해결책이 제시되지 않는 점 또한 얘기조차 없는 점도 팀의 매력을 떨어뜨리는 부분 중에 하나라고 생각합니다."
화성	CL2	Q3	없습니다.
화성	CL4	Q3	정답=답정
온양	CL2	Q3	"1) 부족한 보상 : 프로젝트 성격별로 맡은 일들이 다르고 그에 따라서 다른 평가가 되어야 하는데, 그게 잘 반영안되는 것 같다. 눈에 보이는 성과가 큰 조직만 많은 인정을 받는다면, 그 이외의 조직에서는 자기 업무를 해내겠다는 의지가 떨어지는 게 당연하다.



2)업무 적성: 모든 사람은 장점이 있고 그게 팀에서 쓰일 수 있게 발휘되는 것이 시너지 효과가 있다고 생각하는데, 팀에서 추구하는방향에만 일방적으로 맞추도록 강요하는 분위기



3)근무 환경: 모두가 같은 평가 프로세스로 같은 팀에 들어왔는데, 근무지의 차이가 상대적인 박탈감을 느끼게 한다. Site에 따라서 교육이나 업무에 대한 기회, 에듀센터에 대한 접근성, 업무 환경 등에 차이가 있고, 팀내에서도 Site가 다른 것에 대해 안타깝다는 분위기가 이미 조성돼 있다."
화성	CL2	Q3	PE 업무가 생각보다 제한적임.
화성	CL4	Q3	"팀의 위상

PE 업의 본질 문제일 수도 있지만, 동네북같은 느낌이다."
온양	CL2	Q3	온양이라는 근무지 Site 자체가 나중에 수도권에서의 생활을 꿈꾸는 제게 너무 큰 제약으로 작용합니다. 수도권 생활을 하면서 온양으로의 출퇴근을 하려면 선택지는 매우 소수 밖에 없고 그 마저도 출퇴근에 많은 시간을 할애하게 해 피로도 축적 및 안 좋은 결과가 예상되어 답답합니다.
화성	CL3	Q3	"역시 온양의 존재이다.

온양근무자의 피해의식은 날로 커져만 가고

신입들은 기피하고 

팀을 나누던가 다 올리던가

특단의 조치가 필요한 때가 왔다."
화성	CL2	Q3	"성장기회: 교육시간에 교육을 듣기 힘든 무늬만 교육

강도차이: 부서간 워라밸 차이가 크다

조직문화: 5시 정시퇴근은 먼 나라 이야기, 예기치 않은 야근이 많다"
화성	CL3	Q3	쓸데없이 생산성도 없으면서 무조건 야근 시간을 채우는 사람들이 많습니다.
온양	CL2	Q3	"1) 말 조심 안하는 사람들 : 후배가 본인생각과 다르게 일을 하면 , ""대화""를 하려 하지 않고 ""막말"" 부터 하는 사람들이 있습니다. 언어 폭력은 신체 폭력과 달리 티가 나지 않아 사람들이 신경을 잘 안씁니다.   EX) 이런 식으로 밖에 못하냐 / 이 것도 모르냐 

2) 후배 에게 잡일만 넘기는 사람들 : 후배의 성장에 관심없고 잡일 넘긴 뒤 본인 실속,워라밸 챙기는 사람 있습니다.

3) 양산 업무 보상 : 양산 업무를 하게 되면 한번에 하나의 일에 집중 하는 것이 불가능 해집니다. 긴급 업무도 많아 정말 스트레스 많이 받습니다. 긴급 물량 대응 하느라 뛰어다니는 일도 있는데  티도 안나고 보상도 부족하구요."
온양	CL2	Q3	1) DRAM PE팀 업무 자체가 너무 방대해서 다른 팀 업무까지 알아야될 부분이 너무나 많습니다. 2) 내가 이 연차에 이 정도의 역량 수준이면 되는지가 의문입니다. 연차에 맞는 직무교육 좀 만들어주세요. 3) PL님이 너무 하나하나 신경쓰려고 하셔서 힘듭니다. 4) 인원은 한정적인데 담당하는 제품이 너무 많습니다. 5) 타부서와 협업할 일들이 많아 피곤합니다.
온양	CL3	Q3	업무적인 부분보다, 타부서와의 관계에서 제일 낮은 곳에 위치해있는 느낌이 든다. 힘이 없다는 느낌이 들고 휘들린다. PE 주도하에 진행되는 게 아닌, 제조/운영 주도하에 PE의 업무가 결정되는 느낌이 든다.
온양	CL2	Q3	온양 사업장 근처 인프라 열악, 각종 사내 복지/행사 참여 불가로 인한 소속감 저하
화성	CL4	Q3	"수율과 생산성에만 치중 되어 미래를 위한 요소기술 개발에 관심이 적음. (현재 발생하고 있는 문제를 해결하는데 도움이 되는 것만 업무로 인정됨)

프로젝트간 정보 공유도 안되고 단절되어 있음."
온양	CL3	Q3	"- PJT 별 업무 강도 : 어느 조직은 OT를 채우기 위해 일이 없어도 돌아가면서 자리를 지키고, 어느 조직은 일하다 지쳐 지쳐 퇴근하기를 수년을 해왔는데, 이제 와서 이런 설문을 하는 이유는 뭘까요? 바꿀수는 있는건가요?

- 근무 환경 : 잡포가 활짝 열린 마당에 이제 부서 이동은 더더욱 많아질테지요, 대인관계는 어떻게든 극복한다고쳐도, 지역적인걸 해결할 수 있을까요?"
온양	CL2	Q3	"팀의 위상 : 물량 관리 시에 업무 분장이 애매하여 모두가 하기 싫어하는 일들을, 일정을 맞춰야 한다는 이유로, 중간에 모두 도맡아서 처리해줘야 하는 경우가 많다.

부족한 보상 : 물량 처리 관련 업무가 많은데, 일정에 맞추기 위해 모두가 싫어하는 일을 도맡아 하면서도, 잘되면 당연하고 안되면 잘못한 것처럼 되는 경우가 많다.

근무 환경 : 온양 근무 중인데  거리 상 먼 것도 좋지는 않지만."
화성	CL2	Q3	.
온양	CL2	Q3	온양사업장은 휴게 공간이 충분하지 않습니다.
화성	CL2	Q3	"1. 성장기회  :  앞으로의 내 커리어가 어떻게될지 청사진이 그려지지 않는다.

2. 조직문화  :  업무시간으로 평가받는 분위기는 결국 없어질 수 없다고 느껴진다."
화성	CL2	Q3	상급자의 꼼꼼한 매니징이 장점도 있으나, 업무 시간 또는 효율성 측면에서 단점을 지니고 있다고 판단됩니다. 각 엔지니어의 상황을 고려하고 업무 목표에 따른 효율성을 고려하여 업무 진행이 개선되었으면 합니다.
화성	CL2	Q3	"부족한 보상 : S 직군으로서 보상 받기 힘듦. 어떠한 식으로 성과를 내야 적절한 보상을 받을 수 있는지 모르겠음. E 직군에 비해 항상 뒷전인것 같은 느낌을 받음

PE팀에서 어떻게 커리어를 쌓아야 할지 잘 모르겠음."
온양	CL2	Q3	"근무 환경 : 열약한 근무환경, 근무지로 인한 불가피하게 긴 통근거리, 대부분의 시스템이 매우 불편하다.

부족한 보상 : 양산 업무는 업무량에 비해 인정을 받지 못한다.

팀의 위상 : 잦은 양산 대응으로 스트레스가 많다."
화성	CL2	Q3	1) 부족한 보상 : 팀의 위상과도 직결되는 문제인데, 하는 업무에 비해 퍼포먼스가 타 팀에 비해서 잘 안나오는 것 같고, 을의 입장이라는 것이 느껴진다. 퍼포먼스에 대한 보상이 부족하다고 느껴진다.
화성	CL2	Q3	"[성장기회] : PE팀의 평가 엔지니어로써 후배 양성에도 진지하게 신경써주셨으면 좋겠습니다.

저년차는 양산업무나 간단한 PGM Revision등 반복적이고 기계적인 업무위주로 하고,

일이 급하다 보니 PGM Revision이나 평가를 무슨내용인지 정확히 파악하지 못하고 하고있는 경우가 많습니다.

업무에 치여서 관련내용을 제대로 공부할수있는 시간도 부족한것 같습니다.

그냥 이렇게 밀려 들어오는 업무를 해결하다보면 선배들처럼 제품이나 PGM에 대해 잘알게 되는건지 막연한 불안감이 있습니다."
화성	CL2	Q3	"개발/양산간 , 업무간 워라밸 차이로 인해 업무 강도가 달라 상대적 박탈감이 크며

팀 전체적으로도 업무량과 업무시간이 많은 편이어서 업무에 대한 만족도가 낮다."
화성	CL4	Q4	.
화성	CL2	Q4	PJT별 상대평가 비중을 크게 차이나게 만들었으면 좋겠다. 했던 일을 카운트해서 양산업무 대응도 당연히 하는 일이 아니라 실제로 한 일로 인정해줬으면 좋겠다.
온양	CL4	Q4	지켜봐야겠죠... 무엇을 어떻게 노력하는지...
화성	CL4	Q4	"팀 문화를 바꾸기 위해서는 개개인의 다름을 평가하지 말고 인정해줘야 한다고 생각한다.

그리고 쓸데없이 에너지를 소모하는 곳의 문제를 빨리 해결해야한다."
화성	CL4	Q4	"업무는 배워가면서 누구나 잘 할 수 있다고 생각되지만

현실은 상대방에 대한 업무 배려가 부족으로 특정인에게 집중되는 경향이 있음

: 우리부서만의 문제가 아닌 일반적인 사회현상으로 인성교육이 선행되어야 함"
화성	CL2	Q4	업무강도에 따른 인력 배분이 필요합니다.
화성	CL3	Q4	". 업무범위 명확하게 하고 일에 대한 부서간 주인찾기 (명확히 업무 영역 구분 필요)

. 엔지니어 의견에 진심 관심을 가지고 들을 필요가 있음. (자주 듣기, 많이 듣기, 진심으로 반영하기 등등)"
온양	CL2	Q4	혁신적인 업무도 중요하지만 양산업무에 대한 개선 및 대책도 시급하다고 생각됩니다.
화성	CL4	Q4	"솔직히 무엇이 문제인지도 잘 모르겠음.  팀에 일이 많은게 문제인가?  그럼 사람을 더 뽑아서 인당 업무를 감소시켜야 될텐데, 여기 일이 그런가?  장비도 충분치 않아서 사용하는 사람만 사용할 수 있을텐데 언제 본인 업무에서 Career를 쌓을 수 있을 건가?  MZ세대라는 실력도 없고 이기적인 애들의 행태도

회사를 다니는 건지?  학교를 다니는 건지?    개념없는 애들도 득실거리고.   세대가 변해도 회사내에 반드시 지켜야할, 변하지 않는 가치가 있을터인데 그런것들이 너무 무시되고 있는 듯해서 안타깝기만 하다.  이런 애들로 팀이 채워진다면, 애들 눈치만 보다가 얼마지나 팀 사라질 듯."
화성	CL2	Q4	PE팀 업무에 정체정이 점점 사라지고 있는 듯 합니다. 확실한 바운더리가 필요해 보입니다.
온양	CL3	Q4	근무지/업무 선택이 어느정도는 자유화되었으면, 업무 토론 분위기 정착
화성	CL2	Q4	PE에게 강력한 힘을 주세요.. 노예는 이제 그만..
화성	CL2	Q4	"수평적인 문화를 위해 존칭하면 좋겠습니다.

pe 업무에 대한 소개가 더 있으면 좋겠습니다."
화성	CL2	Q4	"성장기회 : PE팀만의 정체성을 찾고 기술을 발전시켜 나가야, 더 많은 인력이 본인의 역량을 키우기 위해 오려고 할 것

근무환경 : 조직구조를 바꿔 실무 분석 엔지니어에게 일이 몰리는 경향을 구조적으로 줄이는 것이 필요하다고 생각함. 또한, PTL 등 관리 인력 외에 기술적으로 우대 인력 포지션을 새로 생성해, 제품별 난제를 전체적으로 공유할 필요와 시니어 엔지니어의 기술적 능력이 퇴화되지 않도록 관리하는것이 중요하다고 생각함"
화성	CL4	Q4	모제품에 사람을 많이 넣어야 함
화성	CL4	Q4	0
화성	CL4	Q4	"이전 팀장님들 있을때 보다는 훨씬 나아졌지만 꼭 필요한 일 위주로 업무 진행될 수 있는 분위기 형성이 필요함.

아직도 성과는 별로 없는데 임원들에게 보여주기 위한 업무를 하는 사람들이 있음.

특히 자료 이쁘게 만들지 않아도 내용 전달되면 문제 없는 분위기 형성이 필요함."
화성	CL3	Q4	"1. 대인관계: 너무 끼리끼리, 텃세좀 그만 부리고, 열린 문화를 가졌으면 함..  회식때도  상호 자리 맡아줌. 

2. 보상 :  사소한 것도   좀 더 공평하게  신경 써 주었으면 함.

3. 선배 : 꼰대 기질이 아닌 열린 마음 가졌으면 함."
화성	CL3	Q4	모르겠습니다. 절이 싫으면 중이 떠나야 하는것 같습니다.
화성	CL4	Q4	모든 기회를 고성과자 중심으로 주는 방식에서 탈피, 일정 부분은 중간/저성과자에게 주는 방식도 좋을 것 같습니다(예를 들면 전체 TO중 30%는 중하위에 배분).
화성	CL4	Q4	"회사 / 실에서의  부서Role을 명확히 정의할 필요가 있으며 Role을 기반으로 한 업무 분야를 크기와 난이도 / 양성 시간에 맞게 세분화하고 기술 Ladder를 정의하여  일을 통해 기술(역량) 확보가 가능토록 하고 일정 과정을 거치면  전문가가 될 수 있도록 하여 기술적 자부심과 자긍심을 갖도록 해야 함. 

기술을 표준화하고 각 기술의 Rev.관리를 통해 축적과 발전이 되도록하여 팀 고유의 일(기술) 분야에서 최고의 전문가를 양성하는 팀이 되어야... 팀원 모두가 회사 생활을 마무리 할때 내가 30년 동안 축적한 기술이 있나? 내가 내세울 수 있는 기술이...? 라는  의문이 들지 않게 하는 것이 좋은 팀이지 않을까 함."
화성	CL4	Q4	/
온양	CL3	Q4	.
온양	CL2	Q4	"보상과 업무 강도 차이는 프로젝트간 업무 성향을 비교해가며 맞춰나가야 할 것 같습니다.

교육은 분위기 조성을 위해서 '교육 day'나 커리큘럼을 정하여 반강제로 특정인원은 수료하게끔 하여 분위기를 잡아나가는 것이 좋을 듯 합니다."
온양	CL4	Q4	분석설비 투자 지원(설명 : 사고방지 RISK 주요인인 PGM 이해 부족 항목도 분석설비 부족이 하나의 요인으로 생각함)
화성	CL3	Q4	사람이 바뀌지 않으면 안바뀜 절대로
온양	CL4	Q4	"연구반의 운영 및 유지에 대해서는 냉철한 시각에서 결과물에 대한 수시 점검이 필요해 보입니다.

연구반 인원에 대한 로테이션도 검토 필요해 보입니다. 연구 과제가 끝나면 인원들에 대한 원대 복귀후 재배치, 필요한 과제에 대한 연구 인원 한시적 모집 등도 필요해 보입니다."
온양	CL2	Q4	내가 원하는 site와 pjt에서 근무할 수 있게 이동 기회를 주면 좋을것 같습니다.
화성	CL4	Q4	.
화성	CL4	Q4	모제품의 업무를 자제품으로 횡전개하여 동일한 Data를 낼수 있게 해야하는데, 아직도 자제품은 모제품이 먼저하면 따라가기만 하고 있음. 모제품과 동일한 퍼포먼스를 낼수 있는 환경을 자제품에서도 구축하고 일을 나눠 진행하면 좋을 것으로 보입니다.
화성	CL3	Q4	"- 특정 PJT에 성과/고과 보상 몰림 방지

- 특정 PJT에 대한 고과 몰아주기 및 무제한적인 지원 지양"
화성	CL2	Q4	쉽지 않을 것 같습니다.
화성	CL3	Q4	"18시 이후에 근무를 하는 것에 대해서, 무엇인가 문제가 있고 비정상적이다 라는 생각을 팀 구성원 전체가 공감 해야 할 것 같습니다.

사고와 같은 긴급한 건이 아니면, 늦었으니 내일 해도 된다라는 여유가 있었으면 좋겠습니다."
화성	CL2	Q4	"회의를 없애야 한다. 줄이는 수준이 아니라 없어져야 한다. 우리 팀이 만들어내는 데이터 자체가 원류기술이 아니기 때문에 항상 관점을 설득시켜야 하고 , 이를 위해선 가장 쉽고 이해하기 쉽게 설명해야한다. 당연히 우리 팀 자료는 복잡할 수 밖에 없다. 그것을 이해시키기 위해서 만드는 자료이기에 심플하게 만들 수 없다고 생각한다.

추가적으로 후배 양성에 모두가 좀 신경썻으면 좋겠다. 자기 앞만보고 달리는 경주마 같다. 팀장은 전쟁에서 이겨야 전리품을 나눈다고 하는데. 이젠 싸울 병사가 없음을 기억하시길 바란다."
화성	CL3	Q4	"해결 방법이 없다. 이런게 우리의 업이라고 생각하고 있는데.. 

업이 이러면 보상이라도 혹은 인정이라도 받을 수 있으면 좋을 텐데..

사고 발생 물량의 진행 시 손실액과 PE팀 분석 및 구제방안 적용으로 구제된 액수 만큼 합당한 보상이 필요 하다고 생각됩니다"
온양	CL3	Q4	"화성 근무 희망자에 대해 화성에서 근무할 수 있도록 배치

TL보직 순환제

TL 평가가 안 좋으면 바로 교체될 수 있도록 조치 필요"
화성	CL2	Q4	"업무 시간은 고과 산정 시 주요 항목이 아니길 바랍니다.

양산 업무에 대해선 해결책이 있는지 사실 잘 모르겠습니다."
화성	CL2	Q4	ㅇ
화성	CL4	Q4	"우리팀 업의 특성상 여러 부서와 밀접하게 일하고 있고, 그러다보니 부서간 마찰이 생기고 애매한일을 떠안는 경우가 많이 있습니다. 

불필요한 부서간 감정 싸움과 애매한 일을 많이 하다보니 업무 만족도와 팀의 위상이 낮아지는 경우가 있다고 생각합니다. 

최근 정책연구반이 생겨서 부서간 R&R 을 규정해주고 있어서 개선된것은 사실이나 더많이 일해주시면 좋겠고,  PL/임원 들도 많은 업무를 떠안기 보다는

우리가 해야할일이 아닌경우는 앞장서서 거부하고 엔지니어 편을 들어 주시면 좋을거 같습니다."
화성	CL2	Q4	"일을 하기전 효율적으로 할 수 있는 방안을 최대한 모색하고 안해도 되는 일은 하지 않도록 해야 합니다.

그리고 무엇보다 이 일을 왜 해야 하는지 다른 방법은 없는지 충분히 공유가 된 이후에 일이 진행되어야 합니다. 

그저 빨리 그저 열심히가 아니라 자동화 시스템화 하려면 여러사람의 아이디어가 모여야 하고 투자도 되어야 합니다.

그리고 교육이 중요합니다. 지금까지 주먹구구식으로 알아서 찾아서 알아서 보고 하게 되면 크게 달라지지 않습니다.

대부분은 본인의 성과 본인이 남들보다 잘나가면 되기에 굳이 누군가를 가르치려 하거나 자신의 기술을 이전하려 하지 않습니다. 

교육하는 사람에게도 성과와 보상이 충분히 주어져야 그나마 전달이 될 수 있을 듯 합니다."
온양	CL2	Q4	바로 해결은 어렵겠지만, 해결하고자 하는 노력/의지가 보인다면 팀원들도 수긍하고 변화를 기다려줄 수 있을 것 같다.
온양	CL2	Q4	PE팀이 좋기 때문에, PE팀 내에서의 부서 이동 뿐이라고 생각함
온양	CL3	Q4	"일단 업무 강도 차이는 윗분들도 다 알고 있을거라고 봅니다. 모르시면 그게 더 큰 문제겠죠. 조직 관리가 안되고 있다는 방증이니.

그럼 이걸 어떻게 해결할거냐면 제품 <-> 제품의 순환은 좀 힘들어도 제품 <-> 연구반의 순환이 활성화 되어야 합니다. 

모두 알고 있는것 처럼 제품 PJT간 차이도 있지만 연구반의 업무 강도가 상대적으로 많이 약한데 제품 인력은 계속 제품만 하고

연구반 인력은 계속 연구반 소속이니 상대적 박탈감을 느끼는 경우가 많죠. 이걸 몇년 주기로 순환을 해야 하는데 임원급이 바뀌면 또 흐지부지 되겠죠. 

그래서 차라리 팀을 바꾸는 잡포 인력이 더 많아지고 있다고 봅니다. 그러니 아예 순환에 대한 체계화를 해서 제도화 하는게 좋지 않을까 합니다. 

팀 위상은 팀 특성 부분이라 딱히 해결책은 없고 타부서 요청 사항에 대해 맺고 끊음을 명확히 하고 우리부서부터 챙기는 이기심도 필요하지 않을까 합니다."
온양	CL4	Q4	"팀을 쪼갤 때가 왔습니다.  

사람이 많아지면서 다양한 요구를 한 그릇에 담을 상황이 아닙니다 ."
화성	CL4	Q4	..
화성	CL2	Q4	.
온양	CL3	Q4	화성과 온양의 업무는 다른거 같은데, 늘 온양은 틀렸다고 하는거 같아요. 다른 부서로 갈라설 수 없다면, 다름을 좀 인정해주는건 어떨까요.
온양	CL3	Q4	"Site 불만에 대한 해결책은 2가지 밖에 없어보입니다.

1) Site를 통합해서 문제의 원인을 제거

2) 온양 Site 근무를 했을 때의 명확한 베네핏을 제시"
화성	CL2	Q4	"EDS와 PKG사이에 업무량 차이가 많이 있는데....직무 순환을 해서 밸런싱 해주거나...안된다면 차별화해서 보상이나 대우해주세요!!!

 업무량 많은거 어쩔수없는데 대신 그만큼 다르게 받겠다는데... 거기에 불만을 갖는 사람이 있다면 그게 나쁜겁니다"
온양	CL4	Q4	부서간 r&r,  양산환경에 대한 engr분석환경 개선 (분석실 확보, 양산라인에 들어가지 않고 분석할수있게 설비할당/시료 contact등  -> 제조 협조 필요)
화성	CL4	Q4	이번 설문조사에서 가장 이슈가 많은 부분(3가지)에 대해 워크샵을 통한 공동의 해결책을 도출하고, 신중히 검토하여 실제로 개선 반영했으면 좋겠다.(이해관계에서 손해 보는 사람이 있을 수도 있음)
온양	CL4	Q4	양산 업무, 기술 업무 등 영역이 다름을 인정해주었으면 좋겠음. 각 팀원들이 하는 업무에 대해 미래를 그릴 수 있었으면 좋겠음. 열심히 해서 나중에 PTL되고 임원이 되어라 라는 것 보다, 현실적으로 5년, 10년, 20년 후에 어떻게 발전할 수 있을지 보여주었으면 함. 특히 온양 site 는 PKG 양산 업무에 특화하여  발전했으면 좋겠음.
화성	CL2	Q4	프로젝트 이동의 선순환
온양	CL2	Q4	"1. 팀 내부에서 이루어지는 잡포스팅

2. 화성으로 근무지 이동"
화성	CL4	Q4	부서간 R&R 명확한 구분 정의 및 SOP화
화성	CL2	Q4	"팀 내 잡 포스팅 등 팀 내에서 PJT 단위로 이동할 수 있는 제도를 강력히 추천합니다. PL/TL님들의 반발이 심하겠지만 팀을 떠나기로 마음먹은 사람들에게 마지막 희망 같은 시스템이 될 수 있을 것 같습니다.

만약 특정 조직에서 잡 포스팅 이동 요청 인원 비율이 높다면, 해당 조직의 조직 문화에 대해 어느 정도 파악할 수 있는 근거가 될 수 있을 것 같습니다."
화성	CL4	Q4	.
온양	CL2	Q4	.
온양	CL2	Q4	팀 내부적으로 화성/온양 근무지를 변경할 수 있는 정책을 만들거나 또는 순환할 수 있는 제도를 만드는 것을 제안합니다.
화성	CL2	Q4	불만이 있다면, 그 상황에 대해 적극적인 상황대처와 공감이 가능하며 현실적인 건의를 발의하는 것이라고 생각합니다.
화성	CL4	Q4	팀에 대한 팀원의 소속감이 부족해보임.
화성	CL2	Q4	없음
화성	CL4	Q4	성과를 더 내기 위해 팀 역할의 스펙트럼을 넓히면 넓힐수록, 더더욱 힘들어지는 것 같다.
온양	CL2	Q4	현재 온양에 근무하고 있는 동료들 중 근무지로 인한 스트레스를 받는 인원들이 매우 많은 것으로 알고 있습니다. 온양 인원들의 평택 사업장 이동도 하나의 대안이 될 수 있을 거라 생각합니다.
화성	CL3	Q4	"온양 화성 팀 쪼개기

또는 화성으로 다 올리기"
화성	CL3	Q4	"보통 프로젝트 상사 분들이 한 주의 일을 진행하거나 할 때, 각 일마다 예상 되는 시간을 설정하고 그에 맞게 끔 대략적인 한 주 계획을 세워야 한다고 생각합니다. (중간 중간에 들어오는 일들은 따로 추가)

이렇게 해야 한 프로젝트에서 각 구성원들에게 전체적인 일의 고른 분배(양적, 시간적으로)가 가능하고, 업무 시간 내에 최대한 끝낼 수 있게 하도록 할 수 있습니다. 

고르게 분배 되어있음에도 업무 시간 외 적인 시간이 많이 든다면, 그건 엔지니어 능력 부족 or 인력 부족 이므로 그에 맞게 끔 성장 유도 및 인력 보강을 시도 할 수 있습니다."
온양	CL2	Q4	"성과는 일만 잘해도 날 수 지만, 팀을 끈끈하고 오래 가게 하는 것은 경쟁속 승자와 패자를 나누는 것이 아니고  서로 손잡고 같이가는 문화가 아닐까요?  요즘 JOB POST 로 팀의 이동이 좀더 수월해 졌지만, 업무에 익숙한 동료가 나가는 것에 대한 부담은 남아있는 사람들의 몫이 될 것 입니다. 사람의 마음을 우선으로 하는 문화가  정착이 되면 좋겠습니다. 

1) 말 조심 안하는 사람들 / 후배를 봉으로 아는 사람들 :  휴식 --> 심신안정 프로그램 --> 인성+소통교육 (티안나게... 전원이 하는걸로..?)   // 

2) 양산 업무 보상 : 제조팀이  양산 업무에 기여한 PE 팀 엔지니어 추천 제도 월별 OR 분기별 시행 (PE 팀에서 제조팀원에게 주는 협력상이 있듯이)"
온양	CL3	Q4	"PE의 위상을 높이는 일이 필요한데... 우선, 온양 기준으로 PE에서 주도적으로 업무(생산성 관련 업무/일정 등)를 진행했으면 합니다.

또한, 생산성 등의 업무를 진행함에 있어 제조의 눈치를 보는 위치가 아닌 요구하는 위치가 되었으면 합니다. (REJECT 취합 및 MERGE, 설비 CONTACT 등 사소한 업무도 제조에서 해줘야한다고 판단됩니다.)"
온양	CL2	Q4	근무 환경 차이로 빚어지는 상대적 박탈감에 대한 확실한 보상
화성	CL4	Q4	성과에 미래 가치 부분도 고려되어야 한다고 생각함.
온양	CL3	Q4	#NAME?
온양	CL2	Q4	없는 것 같습니다.
화성	CL2	Q4	직군별 팀 차원의 커리어 패스 개발
화성	CL2	Q4	꼼꼼하게 매니징하기보다는 엔지니어링하고 있는 부분이 무엇인지, 가장 재빠른 해결책은 무엇인지에 대한 인지와 모든 구성원은 각 업무에서의 분명한 목표 의식이 있어야 한다고 생각합니다. (예: 보고 ppt 작성 소요 시간을 줄이더라도 효율적이고 정확한 작업에 몰입할 수 있는 분위기 조성)
화성	CL2	Q4	관리자들이 S직군들이 하는 일에 대해서 잘 알았으면 좋겠음.
화성	CL2	Q4	팀에서 VOE를 자주 수집해서 타 팀에 불합리 한 부분에 대해서 목소리를 낼 수 있는 기회가 많았으면 좋겠습니다.
화성	CL2	Q4	"지도선배나 같은제품의 선배가 누구냐에 따라 PGM이나 제품, 평가내용에 대해 이해하고 있는 깊이의 차이가 너무 큽니다.

어느정도는 어쩔수 없겠지만, PE팀이면 기본적으로 알아야하는 내용들이지만 처음부터 설명해주려면 엄청오래걸리는 내용들의 경우에는 팀차원에서 따로 교육이 있었으면 좋겠습니다! (예를들면, 설비파형/기본적인 패턴교육 및 명령어)"
화성	CL2	Q4	불필요한 업무량을 줄이고, 퇴근 및 휴가 사용에 대해 자유로운 분위기 조성이 필요한 것 같다.
